,B cells_0_cellfrequency,B cells_glandfront_cellfrequency,B cells_intragland_cellfrequency,B cells_stromal_cellfrequency,CD4 T cells FoxP3+_0_cellfrequency,CD4 T cells FoxP3+_glandfront_cellfrequency,CD4 T cells FoxP3+_intragland_cellfrequency,CD4 T cells FoxP3+_stromal_cellfrequency,CD8 T cells FoxP3+_0_cellfrequency,CD8 T cells FoxP3+_glandfront_cellfrequency,CD8 T cells FoxP3+_intragland_cellfrequency,CD8 T cells FoxP3+_stromal_cellfrequency,CD4 T cells HLA-DR+_0_cellfrequency,CD4 T cells HLA-DR+_glandfront_cellfrequency,CD4 T cells HLA-DR+_intragland_cellfrequency,CD4 T cells HLA-DR+_stromal_cellfrequency,CD8 T cells HLA-DR+_0_cellfrequency,CD8 T cells HLA-DR+_glandfront_cellfrequency,CD8 T cells HLA-DR+_intragland_cellfrequency,CD8 T cells HLA-DR+_stromal_cellfrequency,CD4 T cells CD80/CD86+_0_cellfrequency,CD4 T cells CD80/CD86+_glandfront_cellfrequency,CD4 T cells CD80/CD86+_intragland_cellfrequency,CD4 T cells CD80/CD86+_stromal_cellfrequency,CD8 T cells CD80/CD86+_0_cellfrequency,CD8 T cells CD80/CD86+_glandfront_cellfrequency,CD8 T cells CD80/CD86+_intragland_cellfrequency,CD8 T cells CD80/CD86+_stromal_cellfrequency,CD4 T cells CD11b+_0_cellfrequency,CD4 T cells CD11b+_glandfront_cellfrequency,CD4 T cells CD11b+_intragland_cellfrequency,CD4 T cells CD11b+_stromal_cellfrequency,CD8 T cells CD11b+_0_cellfrequency,CD8 T cells CD11b+_glandfront_cellfrequency,CD8 T cells CD11b+_intragland_cellfrequency,CD8 T cells CD11b+_stromal_cellfrequency,Stroma epithelial stem_0_cellfrequency,Stroma epithelial stem_glandfront_cellfrequency,Stroma epithelial stem_intragland_cellfrequency,Stroma epithelial stem_stromal_cellfrequency,Stroma mesenchymal_0_cellfrequency,Stroma mesenchymal_glandfront_cellfrequency,Stroma mesenchymal_intragland_cellfrequency,Stroma mesenchymal_stromal_cellfrequency,Stroma glandular epithelium_0_cellfrequency,Stroma glandular epithelium_glandfront_cellfrequency,Stroma glandular epithelium_intragland_cellfrequency,Stroma glandular epithelium_stromal_cellfrequency,Stroma vascular endothelium_0_cellfrequency,Stroma vascular endothelium_glandfront_cellfrequency,Stroma vascular endothelium_intragland_cellfrequency,Stroma vascular endothelium_stromal_cellfrequency,Stroma fibroblast_0_cellfrequency,Stroma fibroblast_glandfront_cellfrequency,Stroma fibroblast_intragland_cellfrequency,Stroma fibroblast_stromal_cellfrequency,NK cells CD56brCD16-_0_cellfrequency,NK cells CD56brCD16-_glandfront_cellfrequency,NK cells CD56brCD16-_intragland_cellfrequency,NK cells CD56brCD16-_stromal_cellfrequency,NK cells CD56dimCD16+_0_cellfrequency,NK cells CD56dimCD16+_glandfront_cellfrequency,NK cells CD56dimCD16+_intragland_cellfrequency,NK cells CD56dimCD16+_stromal_cellfrequency,NK cells CD56brCD16-NKG2Ahi_0_cellfrequency,NK cells CD56brCD16-NKG2Ahi_glandfront_cellfrequency,NK cells CD56brCD16-NKG2Ahi_intragland_cellfrequency,NK cells CD56brCD16-NKG2Ahi_stromal_cellfrequency,NK cells CD56brCD16-NKG2AhiTIM3hi_0_cellfrequency,NK cells CD56brCD16-NKG2AhiTIM3hi_glandfront_cellfrequency,NK cells CD56brCD16-NKG2AhiTIM3hi_intragland_cellfrequency,NK cells CD56brCD16-NKG2AhiTIM3hi_stromal_cellfrequency,NK cells CD56brCD16-TIM3hi_0_cellfrequency,NK cells CD56brCD16-TIM3hi_glandfront_cellfrequency,NK cells CD56brCD16-TIM3hi_intragland_cellfrequency,NK cells CD56brCD16-TIM3hi_stromal_cellfrequency,NK cells CD56dimCD16+CD9hi_0_cellfrequency,NK cells CD56dimCD16+CD9hi_glandfront_cellfrequency,NK cells CD56dimCD16+CD9hi_intragland_cellfrequency,NK cells CD56dimCD16+CD9hi_stromal_cellfrequency,NK cells CD56brCD16-CD9hi_0_cellfrequency,NK cells CD56brCD16-CD9hi_glandfront_cellfrequency,NK cells CD56brCD16-CD9hi_intragland_cellfrequency,NK cells CD56brCD16-CD9hi_stromal_cellfrequency,Macrophages M1-like_0_cellfrequency,Macrophages M1-like_glandfront_cellfrequency,Macrophages M1-like_intragland_cellfrequency,Macrophages M1-like_stromal_cellfrequency,Macrophages M2-like_0_cellfrequency,Macrophages M2-like_glandfront_cellfrequency,Macrophages M2-like_intragland_cellfrequency,Macrophages M2-like_stromal_cellfrequency,Macrophages M1/M2_0_cellfrequency,Macrophages M1/M2_glandfront_cellfrequency,Macrophages M1/M2_intragland_cellfrequency,Macrophages M1/M2_stromal_cellfrequency,Macrophages MDSC_0_cellfrequency,Macrophages MDSC_glandfront_cellfrequency,Macrophages MDSC_intragland_cellfrequency,Macrophages MDSC_stromal_cellfrequency,Dendritic Cells CD86+_0_cellfrequency,Dendritic Cells CD86+_glandfront_cellfrequency,Dendritic Cells CD86+_intragland_cellfrequency,Dendritic Cells CD86+_stromal_cellfrequency,Dendritic Cells CD33+_0_cellfrequency,Dendritic Cells CD33+_glandfront_cellfrequency,Dendritic Cells CD33+_intragland_cellfrequency,Dendritic Cells CD33+_stromal_cellfrequency,Dendritic Cells CD209CD86dp_0_cellfrequency,Dendritic Cells CD209CD86dp_glandfront_cellfrequency,Dendritic Cells CD209CD86dp_intragland_cellfrequency,Dendritic Cells CD209CD86dp_stromal_cellfrequency,Dendritic Cells CD209CD33dp_0_cellfrequency,Dendritic Cells CD209CD33dp_glandfront_cellfrequency,Dendritic Cells CD209CD33dp_intragland_cellfrequency,Dendritic Cells CD209CD33dp_stromal_cellfrequency,Dendritic Cells CD86CD33dp_0_cellfrequency,Dendritic Cells CD86CD33dp_glandfront_cellfrequency,Dendritic Cells CD86CD33dp_intragland_cellfrequency,Dendritic Cells CD86CD33dp_stromal_cellfrequency,Neutrophils_0_cellfrequency,Neutrophils_glandfront_cellfrequency,Neutrophils_intragland_cellfrequency,Neutrophils_stromal_cellfrequency,NKT_0_cellfrequency,NKT_glandfront_cellfrequency,NKT_intragland_cellfrequency,NKT_stromal_cellfrequency,aSMA-br fibroblast_0_cellfrequency,aSMA-br fibroblast_glandfront_cellfrequency,aSMA-br fibroblast_intragland_cellfrequency,aSMA-br fibroblast_stromal_cellfrequency,aSMA-br mesenchymal_0_cellfrequency,aSMA-br mesenchymal_glandfront_cellfrequency,aSMA-br mesenchymal_intragland_cellfrequency,aSMA-br mesenchymal_stromal_cellfrequency,aSMA-br vascular endothelium_0_cellfrequency,aSMA-br vascular endothelium_glandfront_cellfrequency,aSMA-br vascular endothelium_intragland_cellfrequency,aSMA-br vascular endothelium_stromal_cellfrequency,Gland glandular epithelium_0_cellfrequency,Gland glandular epithelium_glandfront_cellfrequency,Gland glandular epithelium_intragland_cellfrequency,Gland glandular epithelium_stromal_cellfrequency,Gland mesenchymal_0_cellfrequency,Gland mesenchymal_glandfront_cellfrequency,Gland mesenchymal_intragland_cellfrequency,Gland mesenchymal_stromal_cellfrequency,Gland fibroblast_0_cellfrequency,Gland fibroblast_glandfront_cellfrequency,Gland fibroblast_intragland_cellfrequency,Gland fibroblast_stromal_cellfrequency,Gland vascular endothelium_0_cellfrequency,Gland vascular endothelium_glandfront_cellfrequency,Gland vascular endothelium_intragland_cellfrequency,Gland vascular endothelium_stromal_cellfrequency,Gland epithelial stem_0_cellfrequency,Gland epithelial stem_glandfront_cellfrequency,Gland epithelial stem_intragland_cellfrequency,Gland epithelial stem_stromal_cellfrequency,aSMA-br epithelial stem_0_cellfrequency,aSMA-br epithelial stem_glandfront_cellfrequency,aSMA-br epithelial stem_intragland_cellfrequency,aSMA-br epithelial stem_stromal_cellfrequency,aSMA-br glandular epithelium_0_cellfrequency,aSMA-br glandular epithelium_glandfront_cellfrequency,aSMA-br glandular epithelium_intragland_cellfrequency,aSMA-br glandular epithelium_stromal_cellfrequency,NA_0_cellfrequency,NA_glandfront_cellfrequency,NA_intragland_cellfrequency,NA_stromal_cellfrequency
Fold_1,0,1,1,1,0,0,0,0,0,0,0,0,0,0,0,0,0,0,0,1,0,0,1,1,0,0,0,0,0,0,0,1,0,0,0,0,0,0,1,0,0,0,1,0,0,0,0,0,0,0,1,0,0,0,1,0,0,0,1,0,0,1,0,0,0,0,0,0,0,0,0,0,0,0,1,1,0,0,1,0,0,0,1,1,0,1,0,1,0,1,0,1,0,0,0,1,0,0,1,1,0,0,0,0,0,0,0,1,0,0,0,0,0,0,0,0,0,0,0,1,0,0,1,0,0,0,0,1,0,0,1,1,0,0,0,1,0,1,0,0,0,0,1,1,0,1,1,1,0,0,1,1,0,0,1,0,0,1,0,0,0,0,1,0,0,0,0,1,0,1,0,1
Fold_2,0,0,1,1,0,0,0,1,0,1,0,0,0,0,0,0,0,0,0,0,0,0,1,1,0,1,0,1,0,0,0,1,0,0,0,1,0,1,1,0,0,0,1,1,0,0,1,0,0,0,1,1,0,0,0,1,0,0,0,0,0,1,0,0,0,0,0,0,0,0,1,1,0,1,0,1,0,0,1,0,0,0,1,1,0,1,0,0,0,1,1,1,0,0,0,1,0,0,0,0,0,1,1,0,0,1,0,1,0,1,0,1,0,1,1,0,0,0,1,1,0,0,1,0,0,0,1,0,0,0,1,1,0,1,1,0,0,0,0,0,0,0,1,0,0,1,0,1,0,0,1,0,0,1,1,1,0,1,0,1,0,1,1,0,0,1,0,1,0,1,1,1
Fold_3,0,0,0,1,0,0,0,1,0,1,1,0,0,0,0,0,0,0,0,0,0,0,1,1,0,1,1,0,0,1,0,1,0,1,1,0,0,1,1,0,0,1,1,1,0,0,1,0,0,0,1,1,0,1,0,1,0,1,0,1,0,1,0,1,0,0,1,0,0,0,1,0,0,0,0,1,0,1,1,1,0,1,0,0,0,1,1,1,0,1,1,1,0,1,0,1,0,1,0,1,0,0,0,0,0,1,1,0,0,1,0,0,0,1,0,1,0,1,0,1,0,0,1,0,0,0,1,1,0,1,1,1,0,0,1,0,0,1,0,0,0,1,1,0,0,1,1,1,0,0,1,1,0,0,1,1,0,1,0,1,0,1,0,0,0,1,1,1,0,1,1,0
Fold_4,0,0,0,1,0,0,0,1,0,1,0,0,0,1,0,0,0,0,0,1,0,1,0,1,0,1,0,0,0,0,1,1,0,0,1,1,0,1,1,0,0,1,1,0,0,0,1,0,0,0,1,0,0,0,0,1,0,0,1,1,0,1,1,0,0,0,1,0,0,1,1,1,0,1,1,1,0,0,1,1,0,0,0,0,0,1,0,0,0,1,1,0,0,0,1,0,0,1,0,0,0,1,0,0,0,0,0,1,0,1,0,1,0,1,0,1,0,0,1,1,0,0,0,0,0,0,0,1,0,0,1,1,0,0,1,0,0,0,1,0,0,0,1,0,0,1,0,1,0,1,1,0,0,0,1,1,0,1,0,0,0,1,1,0,0,1,1,1,0,1,1,1
Fold_5,0,0,0,0,0,0,0,1,0,0,0,0,0,0,0,1,0,0,0,0,0,0,0,0,0,0,0,0,0,0,0,0,0,0,0,0,0,0,0,0,0,0,0,0,0,0,0,0,0,0,0,0,0,0,0,0,0,0,0,0,0,0,0,0,0,0,0,0,0,0,0,0,0,0,0,1,0,0,0,0,0,0,0,0,0,0,0,0,0,0,0,0,0,0,0,0,0,0,0,0,0,0,0,0,0,0,0,0,0,0,0,0,0,0,0,0,0,0,0,0,0,0,1,0,0,0,0,0,0,0,0,0,0,0,0,0,0,0,0,0,0,0,1,0,0,0,0,0,0,0,0,0,0,0,0,0,0,0,0,0,0,0,0,0,0,0,0,0,0,0,0,0
Fold_6,0,1,1,1,0,0,0,1,0,0,1,0,0,1,0,0,0,0,0,0,0,0,0,1,0,0,0,0,0,0,0,1,0,0,1,0,0,1,1,0,0,0,1,1,0,0,1,0,0,1,1,1,0,1,1,1,0,0,1,0,0,0,0,0,0,0,0,0,0,0,1,1,0,1,0,1,0,0,1,1,0,0,1,1,0,1,0,1,0,1,1,0,0,0,1,1,0,0,0,0,0,0,0,0,0,0,0,1,0,0,0,0,0,0,0,0,0,0,1,1,0,0,0,1,0,0,0,1,0,1,0,1,0,0,1,0,0,0,0,0,0,1,1,1,0,1,1,1,0,0,0,0,0,0,1,0,0,1,0,0,0,1,1,0,0,0,1,0,0,0,1,1
Fold_7,0,0,0,0,0,0,0,1,0,0,0,0,0,0,0,0,0,0,0,0,0,0,1,0,0,0,0,0,0,0,0,0,0,0,0,0,0,0,0,0,0,0,0,0,0,0,0,0,0,0,1,0,0,1,0,0,0,0,0,0,0,0,0,0,0,0,0,0,0,0,0,0,0,1,0,1,0,0,0,0,0,0,1,0,0,0,0,0,0,1,0,0,0,0,0,0,0,1,0,0,0,0,0,0,0,0,0,0,0,0,0,0,0,0,0,1,0,0,1,0,0,0,1,0,0,0,1,0,0,0,0,0,0,0,0,0,0,0,0,0,0,0,1,0,0,0,0,1,0,0,0,0,0,0,0,0,0,0,0,1,0,1,0,0,0,0,0,0,0,1,1,0
Fold_8,0,0,0,0,0,0,0,0,0,0,0,0,0,0,0,0,0,0,0,0,0,0,0,0,0,0,0,0,0,0,0,1,0,0,0,0,0,0,0,0,0,0,0,0,0,0,0,0,0,0,0,0,0,0,0,0,0,0,0,0,0,0,0,0,0,0,0,0,0,0,0,0,0,0,0,0,0,0,0,0,0,0,0,0,0,0,0,0,0,0,0,0,0,0,0,0,0,0,0,0,0,0,0,0,0,0,0,0,0,0,0,0,0,0,0,0,0,0,0,0,0,0,0,0,0,0,0,0,0,0,0,0,0,0,0,0,0,0,0,0,0,0,1,0,0,0,0,0,0,0,0,0,0,0,0,0,0,0,0,0,0,0,0,0,0,0,0,0,0,0,0,0
Fold_9,0,0,0,1,0,0,0,1,0,1,1,0,0,0,0,0,0,0,0,1,0,1,1,0,0,1,0,1,0,0,1,0,0,1,1,1,0,0,1,0,0,0,1,0,0,1,0,0,0,0,1,0,0,1,1,0,0,0,0,0,0,1,1,0,0,0,1,0,0,1,1,1,0,0,0,1,0,0,1,0,0,0,0,0,0,1,0,0,0,1,1,0,0,0,0,0,0,1,0,0,0,0,0,0,0,0,0,1,0,1,0,0,0,0,0,0,0,0,1,1,0,0,1,0,0,0,1,0,0,0,0,1,0,0,1,0,0,0,1,0,0,0,1,0,0,1,1,1,0,0,0,1,0,1,1,1,0,1,0,0,0,1,1,0,0,1,1,0,0,1,1,1
Fold_10,0,1,1,1,0,0,0,1,0,0,1,0,0,0,0,0,0,0,0,1,0,0,1,0,0,0,0,1,0,0,0,1,0,0,0,0,0,1,1,0,0,1,1,1,0,1,1,0,0,0,0,0,0,0,1,1,0,0,1,1,0,1,0,0,0,0,0,0,0,0,0,0,0,1,1,1,0,0,1,0,0,0,0,0,0,1,0,0,0,1,1,0,0,0,1,1,0,0,0,0,0,0,0,0,0,0,0,0,0,1,0,0,0,0,0,0,0,1,0,1,0,0,1,0,0,0,1,1,0,1,1,1,0,0,1,0,0,1,0,0,0,0,1,1,0,0,1,1,0,1,1,1,0,1,1,1,0,1,0,1,0,1,1,0,0,0,1,1,0,1,1,0
Fold_11,0,1,1,1,0,1,0,1,0,1,1,0,0,1,0,0,0,1,0,1,0,1,0,1,0,0,0,1,0,0,0,1,0,1,1,0,0,0,1,0,0,1,0,1,0,1,1,0,0,1,0,1,0,0,0,0,0,1,0,1,0,1,1,0,0,1,1,0,0,0,1,1,0,0,1,1,0,0,0,0,0,1,1,1,0,1,0,0,0,1,1,0,0,1,1,1,0,0,0,0,0,1,1,1,0,0,0,0,0,1,0,1,0,1,1,0,0,1,1,1,0,0,1,0,0,1,1,1,0,1,1,1,0,0,0,0,0,1,1,0,0,1,1,1,0,0,1,1,0,0,1,0,0,0,1,1,0,1,0,1,0,1,1,0,0,0,0,1,0,1,1,1
Fold_12,0,0,0,1,0,1,0,1,0,0,1,0,0,1,1,1,0,0,0,1,0,1,0,1,0,1,1,0,0,1,0,0,0,1,0,0,0,1,1,0,0,1,1,1,0,0,1,0,0,1,0,1,0,1,1,1,0,1,0,1,0,1,1,1,0,0,1,0,0,1,0,0,0,1,1,1,0,0,1,1,0,0,1,0,0,1,0,1,0,1,1,1,0,1,1,1,0,1,1,0,0,0,0,0,0,1,0,0,0,1,1,1,0,0,0,1,0,1,0,1,0,0,1,0,0,1,1,1,0,1,1,1,0,1,1,1,0,0,1,0,0,1,1,0,0,0,1,1,0,1,1,1,0,0,1,1,0,0,1,1,0,1,0,0,0,0,1,1,0,1,1,1
Fold_13,0,0,0,1,0,0,0,1,0,1,0,0,0,0,0,0,0,0,0,0,0,0,0,1,0,1,0,1,0,0,0,0,0,0,0,0,0,1,0,0,0,0,0,0,0,0,0,0,0,0,1,0,0,0,1,0,0,0,0,0,0,1,0,0,0,0,1,1,0,1,1,1,0,1,0,1,0,1,1,1,0,0,0,1,0,1,0,1,0,1,1,0,0,1,0,1,0,0,0,1,0,0,0,0,0,1,0,1,0,0,0,0,0,1,0,1,0,1,0,0,0,0,1,0,0,0,1,1,0,1,1,1,0,1,1,1,0,0,0,0,0,1,1,0,0,0,1,1,0,1,1,1,0,0,1,1,0,0,0,0,0,1,1,0,0,0,1,1,0,1,1,1
Fold_14,0,0,1,1,0,0,0,0,0,0,1,0,0,1,0,1,0,1,0,1,0,1,1,1,0,1,0,1,0,0,0,0,0,1,0,0,0,1,1,0,0,0,0,1,0,1,1,0,0,0,0,0,0,0,1,0,0,0,0,0,0,1,0,0,0,0,0,0,0,1,0,1,0,1,1,1,0,0,1,1,0,1,0,1,0,1,0,1,0,1,1,0,0,0,0,1,0,1,0,0,0,0,0,0,0,0,0,0,0,0,0,1,0,1,1,0,0,1,1,1,0,0,1,1,0,1,0,1,0,1,1,1,0,0,0,1,0,1,0,0,0,1,1,0,0,0,1,1,0,0,1,1,0,0,1,1,0,1,1,0,0,1,1,0,0,1,1,1,0,1,1,1
Fold_15,0,0,1,1,0,1,0,1,0,0,0,0,0,1,0,0,0,0,0,1,0,0,0,1,0,1,0,0,0,0,0,0,0,1,1,1,0,0,1,0,0,0,1,1,0,1,1,0,0,1,0,0,0,0,1,0,0,0,1,0,0,1,0,0,0,0,0,0,0,0,1,1,0,0,0,0,0,0,1,0,0,0,0,1,0,1,0,1,0,1,0,0,0,0,1,0,0,0,0,0,0,0,0,0,0,0,0,1,0,0,0,0,0,0,0,0,0,0,0,1,0,0,1,0,0,0,0,1,0,0,1,1,0,0,1,0,0,1,0,0,0,1,1,0,0,1,0,1,0,0,1,1,0,0,0,1,0,1,0,0,0,1,1,0,0,1,1,1,0,1,1,0
Fold_16,0,0,0,1,0,1,0,1,0,1,1,0,0,0,0,1,0,0,0,0,0,1,1,1,0,1,0,0,0,1,0,0,0,1,1,0,0,1,1,0,0,0,0,1,0,0,0,0,0,0,1,0,0,0,1,1,0,1,0,1,0,1,0,1,0,0,1,0,0,0,0,1,0,1,0,1,0,1,1,0,0,1,0,1,0,1,0,1,0,1,1,0,0,0,1,1,0,0,0,0,0,1,0,0,0,0,0,0,0,1,0,0,0,0,1,1,0,1,1,1,0,0,1,0,0,1,1,1,0,1,0,1,0,0,1,0,0,1,1,0,0,1,1,0,0,0,1,1,0,0,1,1,0,0,1,1,0,1,0,0,0,1,1,0,0,0,0,1,0,1,1,1
Fold_17,0,1,0,1,0,0,0,1,0,0,1,0,0,0,0,1,0,0,0,1,0,1,0,1,0,1,0,0,0,0,1,1,0,1,1,0,0,1,1,0,0,0,1,1,0,0,0,0,0,1,1,0,0,0,0,1,0,1,1,0,0,1,0,1,0,0,1,0,0,0,1,1,0,1,0,1,0,0,1,1,0,0,1,1,0,1,0,1,0,1,1,0,0,0,1,1,0,0,1,0,0,0,0,0,0,0,0,0,0,1,1,0,0,0,0,1,0,1,1,1,0,0,1,0,0,1,1,0,0,1,0,1,0,1,1,1,0,0,0,0,0,1,1,1,0,0,1,1,0,0,1,1,0,0,1,1,0,1,0,1,0,1,1,0,0,1,1,0,0,1,1,0
Fold_18,0,1,1,1,0,0,0,1,0,0,1,0,0,0,0,0,0,0,0,0,0,1,1,0,0,1,0,1,0,0,0,1,0,1,1,0,0,1,1,0,0,0,0,1,0,1,0,0,0,0,1,0,0,0,1,0,0,0,1,0,0,1,1,0,0,0,0,0,0,0,1,1,0,1,1,1,0,0,0,1,0,0,1,0,0,1,0,0,0,1,1,0,0,0,1,1,0,0,0,0,0,1,0,0,0,0,0,0,0,0,1,0,0,0,1,1,0,1,0,1,0,0,1,0,0,0,1,1,0,0,1,1,0,1,1,0,0,1,1,1,0,1,1,1,0,1,1,1,0,0,1,0,0,1,1,1,0,1,0,0,0,1,1,0,0,0,1,0,0,1,1,0
Fold_19,0,0,1,1,0,0,0,1,0,0,1,0,0,0,0,1,0,0,0,0,0,0,0,1,0,0,0,0,0,0,0,1,0,1,1,0,0,1,1,0,0,0,1,0,0,0,1,0,0,0,1,0,0,0,1,0,0,1,1,0,0,0,0,0,0,0,1,0,0,1,0,1,0,1,0,1,0,1,0,0,0,0,1,1,0,1,0,1,0,1,1,0,0,0,0,0,0,0,1,0,0,0,0,0,0,0,0,0,0,0,0,0,0,0,1,1,0,0,1,0,0,0,1,1,0,1,0,0,0,0,1,1,0,0,1,0,0,0,0,0,0,1,1,0,0,0,1,1,0,0,1,0,0,0,0,0,0,1,0,0,0,1,1,0,0,0,1,1,0,1,1,1
Fold_20,0,0,1,1,0,1,0,1,0,1,0,0,0,0,0,0,0,1,0,1,0,1,1,1,0,1,1,0,0,0,0,1,0,1,0,0,0,0,1,0,0,0,0,1,0,1,1,0,0,1,0,0,0,1,0,0,0,1,0,1,0,1,1,1,0,0,0,1,0,0,1,1,0,1,0,1,0,0,1,1,0,1,1,1,0,1,0,1,0,1,1,1,0,0,0,1,0,1,1,0,0,1,0,1,0,0,0,0,0,1,0,1,0,1,0,1,0,1,0,1,0,0,1,1,0,1,1,1,0,1,1,1,0,1,1,0,0,0,0,1,0,1,1,1,0,0,0,1,0,0,1,0,0,0,1,1,0,1,1,1,0,1,1,0,0,0,1,0,0,1,1,1
Fold_21,0,0,1,1,0,1,0,1,0,0,0,0,0,0,0,0,0,0,0,1,0,1,1,1,0,1,0,1,0,0,0,0,0,0,1,1,0,1,1,0,0,0,0,1,0,0,0,0,0,1,1,0,0,0,0,0,0,0,1,0,0,1,1,0,0,0,1,0,0,0,1,1,0,1,1,1,0,0,1,1,0,0,1,1,0,1,0,0,0,1,1,0,0,0,1,1,0,0,1,1,0,0,0,0,0,0,0,0,0,1,0,0,0,0,0,1,0,1,1,1,0,0,1,0,0,0,1,1,0,0,1,1,0,0,1,0,0,1,1,0,0,1,1,1,0,0,1,1,0,1,1,1,0,0,1,1,0,1,0,1,0,1,1,0,0,0,1,1,0,0,1,0
Fold_22,0,1,0,1,0,0,0,1,0,1,1,0,0,1,0,0,0,1,0,1,0,0,0,1,0,0,1,1,0,0,0,1,0,1,0,0,0,1,1,0,0,0,0,1,0,0,0,0,0,1,1,0,0,0,0,0,0,0,0,1,0,1,0,0,0,0,1,0,0,0,1,0,0,1,1,1,0,0,1,1,0,0,1,0,0,1,0,0,0,1,1,0,0,0,1,1,0,1,1,0,0,0,1,0,0,1,1,1,0,1,1,0,0,1,0,1,0,1,1,1,0,0,1,0,0,0,1,1,0,1,0,1,0,1,1,0,0,0,0,0,0,1,1,0,0,0,1,1,0,0,1,1,0,0,1,1,0,1,0,0,0,1,1,0,0,0,1,1,0,1,1,1
Fold_23,0,0,0,0,0,0,0,0,0,0,0,0,0,0,0,0,0,0,0,0,0,0,0,0,0,0,0,0,0,0,0,0,0,0,0,0,0,0,0,0,0,0,0,0,0,0,0,0,0,0,0,0,0,0,0,0,0,0,0,0,0,0,0,0,0,0,0,0,0,0,0,0,0,0,0,0,0,0,0,0,0,0,0,0,0,0,0,1,0,0,0,0,0,0,0,0,0,0,0,0,0,0,0,0,0,0,0,1,0,0,0,0,0,0,0,0,0,0,0,0,0,0,1,0,0,0,0,0,0,0,0,0,0,0,0,0,0,0,0,0,0,0,1,0,0,0,0,0,0,0,0,0,0,0,0,0,0,0,0,0,0,0,0,0,0,0,0,0,0,0,0,0
Fold_24,0,1,0,1,0,1,0,1,0,1,1,0,0,0,0,1,0,0,0,0,0,0,1,1,0,1,1,1,0,1,0,0,0,1,1,0,0,1,1,0,0,0,0,1,0,0,0,0,0,1,0,0,0,0,1,0,0,1,1,1,0,1,1,0,0,0,0,0,0,0,1,1,0,1,0,1,0,0,1,1,0,0,0,0,0,1,0,0,0,1,1,0,0,0,0,1,0,0,1,1,0,0,0,1,0,0,0,0,0,1,0,0,0,1,0,0,0,1,0,1,0,0,1,0,0,0,1,1,0,1,1,1,0,1,1,0,0,1,1,0,0,1,1,0,0,0,1,1,0,0,1,0,0,1,1,1,0,1,0,0,0,1,1,0,0,1,1,0,0,1,1,1
Fold_25,0,0,1,1,0,1,0,1,0,0,0,0,0,0,0,0,0,0,0,0,0,0,0,0,0,0,0,1,0,0,0,1,0,0,0,0,0,1,1,0,0,0,1,0,0,0,1,0,0,0,1,0,0,0,1,0,0,0,0,0,0,0,0,0,0,0,0,0,0,0,1,1,0,1,1,1,0,0,1,0,0,0,1,1,0,1,0,1,0,1,1,0,0,1,1,0,0,0,0,0,0,0,1,0,0,0,0,1,0,0,0,0,0,0,0,0,0,0,1,1,0,0,1,0,0,0,1,0,0,0,0,1,0,0,0,0,0,1,1,0,0,0,0,0,0,1,1,1,0,0,1,1,0,1,0,1,0,1,0,0,0,0,0,0,0,0,1,1,0,1,1,0
Fold_26,0,1,1,1,0,0,0,1,0,1,0,0,0,0,0,0,0,0,0,1,0,0,0,1,0,1,0,0,0,0,0,1,0,1,0,0,0,0,0,0,0,1,1,1,0,0,0,0,0,0,1,1,0,1,0,0,0,0,1,0,0,1,1,0,0,0,1,0,0,1,1,1,0,1,0,1,0,0,1,1,0,0,0,1,0,1,0,0,0,1,1,0,0,0,1,1,0,0,0,1,0,0,0,0,0,1,0,0,0,1,0,0,0,0,1,0,0,1,1,0,0,0,1,0,0,0,0,0,0,0,0,1,0,0,1,0,0,0,1,0,0,0,1,0,0,0,1,1,0,1,1,1,0,1,1,1,0,1,0,1,0,1,1,0,0,0,1,1,0,1,1,0
Fold_27,0,0,1,1,0,1,0,1,0,1,1,0,0,0,0,0,0,0,0,0,0,1,0,1,0,1,0,0,0,0,0,0,0,1,1,0,0,1,1,0,0,0,0,1,0,0,1,0,0,0,0,0,0,1,1,0,0,1,0,1,0,1,0,0,0,1,0,0,0,1,1,1,0,1,1,1,0,1,1,0,0,1,1,1,0,1,0,0,0,1,1,1,0,1,1,1,0,0,0,0,0,0,1,1,0,0,0,1,0,1,0,1,0,1,1,1,0,1,1,1,0,0,1,0,0,0,1,1,0,1,1,1,0,0,1,1,0,1,1,0,0,1,1,0,0,0,1,1,0,1,1,0,0,1,0,1,0,1,1,0,0,1,1,0,0,1,0,1,0,1,1,1
Fold_28,0,0,0,1,0,1,0,1,0,1,0,0,0,1,0,0,0,1,0,0,0,1,1,1,0,1,0,0,0,1,0,0,0,0,0,0,0,1,1,0,0,0,0,1,0,0,1,0,0,1,1,0,0,0,0,1,0,1,0,0,0,1,0,1,0,0,1,0,0,1,1,0,0,1,0,1,0,0,1,1,0,0,1,1,0,1,0,1,0,1,1,0,0,0,0,1,0,1,1,0,0,1,0,0,0,0,0,0,0,1,0,1,0,1,1,1,0,1,1,1,0,0,1,0,0,0,1,1,0,1,1,1,0,1,1,0,0,1,1,0,0,1,1,0,0,0,1,1,0,0,1,1,0,0,1,1,0,0,0,1,0,1,1,0,0,0,0,1,0,0,1,1
Fold_29,0,0,1,1,0,0,0,1,0,1,1,0,0,0,0,0,0,0,1,1,0,1,1,0,0,0,0,0,0,0,1,1,0,0,0,0,0,0,1,0,0,0,1,0,0,0,0,0,0,1,0,0,0,0,0,0,0,0,1,0,0,1,1,0,0,0,0,1,0,0,0,1,0,1,0,1,0,0,0,0,0,0,0,1,0,1,0,0,0,1,1,1,0,0,1,1,0,1,0,0,0,0,0,0,0,1,0,0,0,1,0,0,0,0,1,0,0,0,1,0,0,0,1,1,0,0,1,0,0,0,0,1,0,0,1,0,0,0,0,1,0,1,1,1,0,0,1,1,0,1,1,1,0,0,1,1,0,1,1,1,0,1,1,0,0,1,1,0,0,1,1,0
Fold_30,0,0,1,1,0,1,0,1,0,1,0,0,0,1,0,0,0,0,0,0,0,0,0,1,0,0,0,1,0,0,0,0,0,0,1,0,0,1,1,0,0,0,1,1,0,1,0,0,0,0,1,0,0,0,1,1,0,0,0,0,0,1,0,0,0,0,0,0,0,0,1,1,0,1,1,1,0,1,1,0,0,0,1,1,0,1,0,1,0,1,1,0,0,0,1,0,0,1,0,0,0,0,0,0,0,1,0,0,0,0,0,0,0,1,0,0,0,0,1,0,0,0,1,0,0,0,1,0,0,0,0,1,0,0,0,0,0,1,0,0,0,0,1,1,0,0,1,1,0,1,1,1,0,0,1,1,0,1,0,0,0,1,1,0,0,0,1,1,0,1,1,0
Fold_31,0,0,0,1,0,1,0,1,0,0,1,0,0,1,0,1,0,1,0,1,0,1,0,1,0,1,0,0,0,1,0,0,0,0,1,0,0,0,1,0,0,0,0,1,0,0,1,0,0,0,0,0,0,0,1,0,0,1,1,0,0,1,0,0,0,0,0,0,0,0,0,1,0,1,1,1,0,0,1,0,0,0,1,1,0,0,0,0,0,1,1,0,0,0,1,1,0,0,1,0,0,0,0,1,0,0,0,1,0,1,0,0,0,0,0,0,0,0,1,1,0,0,1,0,0,0,1,1,0,0,0,1,0,0,1,0,0,1,0,0,0,1,1,0,0,0,1,1,0,1,1,1,0,0,0,1,0,1,0,1,0,0,1,0,0,0,1,1,0,1,1,0
Fold_32,0,0,0,1,0,0,0,1,0,1,1,0,0,1,0,0,0,0,1,0,0,0,1,1,0,1,0,0,0,0,0,0,0,0,0,1,0,1,1,0,0,0,0,0,0,0,1,0,0,0,1,0,0,0,1,1,0,1,1,1,0,1,0,1,0,0,1,0,0,1,1,1,0,1,0,0,0,1,1,0,0,0,1,1,0,1,0,1,0,1,1,0,0,0,1,0,0,1,0,0,0,0,0,0,0,0,0,1,0,0,0,0,0,0,0,0,0,0,1,1,0,0,1,0,0,1,1,1,0,1,0,1,0,0,1,0,0,1,1,0,0,1,1,0,0,0,0,1,0,1,1,0,0,0,1,1,0,0,0,0,0,0,0,0,0,1,0,1,0,1,1,1
Fold_33,0,1,0,0,0,1,0,1,0,1,0,1,0,0,0,0,0,0,0,0,0,1,0,1,0,1,1,1,0,0,0,1,0,0,1,1,0,0,1,0,0,0,0,1,0,1,0,0,0,0,0,0,0,0,1,1,0,0,1,0,0,1,0,1,0,0,0,1,0,1,1,1,0,1,1,1,0,0,0,1,0,0,1,1,0,1,0,0,0,1,1,0,0,1,1,1,0,0,0,0,0,0,1,0,0,1,1,0,0,0,0,0,0,1,0,1,0,1,1,1,0,0,1,1,0,0,1,1,0,0,0,1,0,0,1,0,0,1,0,1,0,0,1,0,0,0,1,1,0,0,1,1,0,0,1,1,0,1,1,0,0,1,1,0,0,0,1,1,0,1,1,0
Fold_34,0,1,1,1,0,0,0,1,0,1,1,0,0,0,0,0,0,0,1,1,0,0,1,1,0,1,0,1,0,1,0,1,0,1,0,0,0,1,1,1,0,0,1,1,0,0,1,0,0,1,1,0,0,0,1,0,0,1,1,1,0,1,1,0,0,0,0,0,0,0,1,1,0,0,0,1,0,0,1,0,0,0,0,1,0,1,0,0,0,1,0,0,0,0,1,1,0,0,1,0,0,1,0,1,0,1,0,1,0,1,0,0,0,1,1,0,0,0,0,1,0,0,1,0,0,0,1,1,0,0,1,1,0,1,1,0,0,0,0,0,0,0,1,0,0,0,0,1,0,1,1,1,0,0,1,1,0,0,0,0,0,1,1,0,0,1,1,1,0,1,1,1
Fold_35,0,1,1,0,0,1,0,1,0,0,1,0,0,0,0,0,0,0,0,0,0,0,0,0,0,0,0,0,0,0,0,0,0,1,1,0,0,0,1,0,0,0,1,1,0,1,1,0,0,1,1,0,0,0,0,0,0,0,1,1,0,1,0,0,0,0,1,0,0,1,1,0,0,1,0,1,0,0,1,0,0,1,1,1,0,1,0,0,0,1,1,0,0,0,1,1,0,0,0,0,0,0,1,0,0,1,0,1,0,0,0,0,0,0,1,0,0,0,1,1,0,0,1,0,0,0,1,0,0,1,0,1,0,0,1,1,0,0,0,0,0,0,1,0,0,0,0,1,0,0,1,1,0,0,0,1,0,1,0,0,0,0,1,0,0,1,0,0,0,1,0,0
Fold_36,0,0,0,0,0,1,0,1,0,0,1,0,0,0,0,0,0,1,0,0,0,0,0,1,0,1,0,0,0,0,0,0,0,1,1,0,0,1,1,0,0,0,1,1,0,0,0,0,0,0,1,0,0,0,1,0,0,1,0,0,0,1,0,0,0,1,0,0,0,0,0,1,0,1,0,1,0,0,0,0,0,0,1,1,0,1,0,0,0,1,1,0,0,1,1,1,0,0,1,0,0,0,0,0,0,1,1,1,0,0,0,0,0,1,0,0,0,0,0,1,0,0,1,1,0,0,1,1,0,0,0,1,0,1,1,0,0,1,1,0,0,0,1,0,0,0,0,1,0,1,0,1,0,0,1,1,0,1,1,0,0,1,1,0,0,1,1,1,0,0,1,1
Fold_37,0,0,1,1,0,0,0,1,0,1,0,0,0,0,0,0,0,0,0,1,0,1,0,0,0,0,1,0,0,0,0,0,0,1,1,1,0,1,0,0,0,0,0,0,0,0,0,0,0,0,0,0,0,0,0,0,0,1,0,1,0,1,1,0,0,0,1,0,0,1,1,0,0,1,0,1,0,1,1,1,0,0,1,1,0,1,1,1,0,1,1,0,0,0,1,1,0,1,1,1,0,0,0,0,0,1,0,1,0,0,0,0,0,0,1,1,0,0,0,1,0,0,1,0,0,0,0,1,0,1,0,1,0,0,1,0,0,0,0,1,0,0,1,1,0,1,1,1,0,1,1,0,0,0,1,1,0,0,0,0,0,1,1,0,0,0,1,1,0,1,1,1
Fold_38,0,1,0,1,0,0,0,1,0,0,0,0,0,0,0,0,0,0,0,1,0,1,0,0,0,1,0,0,0,0,0,1,0,1,0,1,0,1,1,0,0,0,1,0,0,1,1,0,0,0,1,0,0,0,1,0,0,0,0,0,0,0,0,0,0,0,1,1,0,1,1,0,0,0,0,0,0,1,0,0,0,0,1,1,0,1,0,1,0,1,0,0,0,0,0,1,0,0,0,1,0,0,0,0,0,0,0,0,0,0,0,0,0,0,1,0,0,1,0,1,0,0,1,0,0,0,1,0,0,0,0,1,0,0,0,0,0,0,0,0,0,0,1,1,0,0,0,1,0,0,1,1,0,0,0,1,0,0,0,0,0,1,1,0,0,0,0,1,0,0,1,0
Fold_39,0,1,0,1,0,1,0,1,0,0,1,0,0,0,0,0,0,1,0,0,0,1,1,1,0,0,0,1,0,0,0,1,0,1,1,0,0,1,1,0,0,0,0,0,0,0,1,0,0,0,0,0,0,1,0,0,0,1,0,0,0,0,0,0,0,0,0,0,0,1,1,1,0,0,1,1,0,0,1,0,0,0,1,1,0,1,0,0,0,1,1,0,0,0,0,1,0,0,1,0,0,0,0,0,0,0,0,0,0,0,0,0,0,0,0,1,0,0,1,1,0,0,1,0,0,0,1,0,0,0,1,1,0,1,1,1,0,1,1,0,0,0,1,0,0,0,0,1,0,0,1,1,0,1,1,0,0,0,0,0,0,1,0,0,0,0,1,0,0,1,1,1
Fold_40,0,0,0,0,0,0,0,0,0,0,0,0,0,0,0,0,0,0,0,0,0,0,0,0,0,0,0,0,0,0,0,0,0,0,0,0,0,0,0,0,0,0,1,0,0,0,0,0,0,0,0,0,0,1,0,0,0,0,0,0,0,0,0,0,0,0,0,0,0,0,0,0,0,0,0,0,0,0,0,0,0,1,0,1,0,0,0,0,0,1,0,0,0,0,0,0,0,0,0,1,0,0,0,0,0,0,0,1,0,0,0,0,0,0,0,0,0,0,0,0,0,0,1,0,0,0,0,0,0,0,0,0,0,0,0,0,0,0,0,0,0,0,1,1,0,0,0,0,0,0,0,1,0,0,0,0,0,0,0,0,0,0,0,0,0,0,0,0,0,0,0,0
Fold_41,0,0,1,0,0,0,0,1,0,0,1,0,0,0,0,0,0,0,0,0,0,1,0,1,0,0,1,1,0,0,0,1,0,1,1,0,0,0,1,0,0,0,0,0,0,1,0,0,0,0,1,0,0,0,0,0,0,0,1,0,0,0,0,0,0,0,1,0,0,1,1,1,0,0,1,0,0,1,0,1,0,0,0,0,0,1,0,0,0,1,0,0,0,0,1,0,0,1,1,0,0,0,1,0,0,0,1,1,0,1,1,0,0,0,0,1,0,0,0,1,0,0,1,0,0,0,1,0,0,0,0,1,0,0,1,1,0,1,0,0,0,0,1,0,0,0,1,1,0,0,1,1,0,0,0,0,0,1,0,0,0,1,1,0,0,0,0,0,0,1,1,0
Fold_42,0,1,1,0,0,0,0,1,0,0,0,0,0,1,1,0,0,0,0,1,0,1,0,1,0,0,0,1,0,0,0,1,0,0,1,0,0,0,1,0,0,0,1,0,0,0,0,0,0,1,0,0,0,1,0,0,0,0,0,0,0,0,0,0,0,0,0,0,0,0,1,0,0,1,1,1,0,0,0,1,0,0,0,1,0,1,0,1,0,1,1,1,0,0,1,1,0,1,0,0,0,1,0,0,0,1,0,1,0,1,0,0,0,0,0,0,0,0,1,1,0,0,0,0,0,0,0,1,0,0,0,1,0,1,0,0,0,1,0,0,0,0,1,1,0,1,1,1,0,0,1,0,0,0,1,1,0,1,0,1,0,1,1,0,0,0,0,1,0,1,1,0
Fold_43,0,0,0,0,0,1,0,1,0,0,1,0,0,0,0,0,0,1,0,1,0,0,1,0,0,0,0,0,0,1,0,0,0,0,1,0,0,0,1,0,0,0,1,1,0,1,0,0,0,0,0,0,0,0,1,0,0,0,0,0,0,1,0,0,0,0,0,0,0,0,0,0,0,0,1,1,0,1,1,0,0,0,0,1,0,1,0,1,0,1,1,0,0,0,0,0,0,0,0,0,0,0,0,0,0,1,0,0,0,0,0,0,0,0,0,0,0,0,0,1,0,0,1,0,0,0,0,0,0,1,0,1,0,1,0,0,0,1,0,0,0,1,1,0,0,0,1,1,0,0,1,1,0,0,1,1,0,1,0,0,0,0,1,0,0,1,0,1,0,1,1,0
Fold_44,0,0,1,1,0,0,0,1,0,0,0,0,0,0,1,0,0,1,0,0,0,1,0,1,0,0,0,1,0,0,0,0,0,0,1,1,0,1,1,0,0,0,0,1,0,0,1,0,0,0,1,1,0,0,1,0,0,0,0,0,0,1,0,0,0,0,0,0,0,1,0,0,0,1,0,1,0,0,0,0,0,0,1,1,0,1,0,0,0,1,1,0,0,0,0,1,0,0,0,0,0,1,1,0,0,0,0,1,0,0,1,0,0,0,0,1,0,1,1,0,0,0,1,0,0,1,0,1,0,0,1,1,0,0,1,1,0,0,1,0,0,0,1,0,0,0,1,1,0,1,1,1,0,1,0,1,0,0,0,0,0,1,1,0,0,0,1,1,0,1,1,0
Fold_45,0,0,1,1,0,1,0,0,0,1,1,0,0,0,0,0,0,1,0,0,0,0,0,1,0,1,1,1,0,0,0,1,0,1,0,0,0,0,1,0,0,0,1,1,0,1,1,0,0,1,1,0,0,0,0,0,0,1,1,1,0,1,0,1,0,0,1,0,0,1,1,0,0,1,0,1,0,0,1,0,0,0,0,1,0,1,0,1,0,1,1,1,0,0,1,1,0,0,1,1,0,0,0,1,0,0,0,1,0,1,0,0,0,0,1,0,0,0,0,1,0,0,1,0,0,0,1,1,0,0,1,1,0,0,1,1,0,0,0,0,0,0,1,0,0,1,1,1,0,0,1,1,0,1,1,1,0,1,1,0,0,1,1,1,0,1,1,1,0,1,0,1
Fold_46,0,0,1,1,0,1,0,1,0,0,0,0,0,0,1,1,0,1,0,0,0,1,1,1,0,1,1,1,0,0,0,0,0,1,0,1,0,1,1,0,0,0,1,1,0,1,1,0,0,0,0,1,0,1,0,1,0,0,0,0,0,1,0,1,0,0,0,1,0,1,1,1,0,0,0,1,0,0,0,1,0,1,1,1,0,1,0,0,0,1,1,0,0,0,1,1,0,1,0,0,0,1,0,1,0,1,1,1,0,1,1,1,0,0,0,1,0,1,0,1,0,0,1,0,0,0,1,1,0,1,1,1,0,0,1,1,0,1,1,0,0,0,1,0,0,1,1,1,0,1,0,0,0,1,1,0,0,1,0,0,0,1,1,0,0,0,1,1,0,1,1,1
Fold_47,0,0,0,1,0,0,0,0,0,1,1,0,0,0,0,0,0,1,0,1,0,1,1,1,0,1,0,0,0,0,0,1,0,1,1,1,0,1,1,0,0,0,1,0,0,0,1,0,0,1,1,0,0,1,0,0,0,0,1,1,0,1,1,0,0,0,1,0,0,1,1,0,0,1,0,1,0,1,0,1,0,0,1,1,0,1,0,0,0,1,1,0,0,0,0,1,0,0,1,1,0,1,0,1,0,0,0,0,0,1,0,0,0,0,1,1,0,0,0,1,0,0,1,0,0,0,1,0,0,0,0,1,0,0,1,0,0,1,1,0,0,0,0,0,0,1,1,1,0,0,1,1,0,0,1,1,0,0,0,0,0,1,1,0,0,0,1,0,0,1,1,0
Fold_48,0,0,1,1,0,0,0,1,0,1,0,0,0,0,0,1,0,1,0,0,0,1,0,0,0,0,0,0,0,0,1,1,0,1,0,0,0,1,1,0,0,0,0,0,0,1,0,0,0,1,1,0,0,0,1,1,0,1,1,0,0,0,1,0,0,0,0,0,0,0,1,1,0,1,0,1,0,1,1,0,0,0,1,1,0,1,0,1,0,1,1,0,0,0,1,0,0,0,1,1,0,1,0,0,0,0,0,0,0,0,0,0,0,0,1,0,0,0,1,1,0,0,1,1,0,0,1,1,0,1,0,1,0,0,1,0,0,0,1,0,0,0,1,0,0,1,1,1,0,0,1,1,0,1,1,1,0,1,0,0,0,1,1,0,0,0,0,1,0,1,1,0
Fold_49,0,0,1,1,0,0,0,0,0,0,0,0,0,0,0,0,0,0,0,0,0,0,0,1,0,1,0,0,0,0,0,1,0,1,0,0,0,1,1,0,0,0,1,0,0,0,0,0,0,1,1,0,0,0,1,0,0,0,0,0,0,1,0,0,0,0,0,0,0,0,1,0,0,1,0,1,0,1,1,1,0,0,0,1,0,1,0,1,0,1,1,0,0,1,0,1,0,0,0,0,0,0,1,0,0,1,0,1,0,0,0,0,0,0,0,0,0,1,1,1,0,0,1,1,0,0,1,1,0,0,1,1,0,1,1,1,0,1,0,0,0,0,1,1,0,1,1,1,0,1,1,1,0,1,1,1,0,1,0,0,0,0,1,0,0,0,1,1,0,1,1,0
Fold_50,0,1,0,1,0,1,0,1,0,0,1,0,0,1,0,1,0,1,0,0,0,0,0,1,0,1,0,1,0,1,0,0,0,1,0,0,0,1,1,0,0,0,0,1,0,0,0,0,0,1,1,1,0,0,1,1,0,1,1,1,0,1,0,1,0,0,0,0,0,1,1,0,0,1,1,1,0,0,1,1,0,0,1,0,0,1,1,1,0,1,1,0,0,0,0,1,0,1,0,1,0,0,0,0,0,1,0,1,0,1,0,1,0,0,0,0,0,1,0,1,0,0,1,1,0,1,1,1,0,1,1,1,0,1,0,1,0,0,0,0,0,1,1,0,0,0,1,1,0,1,0,1,0,1,1,1,0,1,1,0,0,1,1,0,0,1,1,0,0,1,1,1
Fold_51,0,1,1,1,0,1,0,1,0,0,0,0,0,1,0,0,0,1,0,0,0,0,0,1,0,0,0,0,0,0,0,1,0,0,1,0,0,1,1,0,0,0,1,1,0,0,1,0,0,0,0,0,0,0,1,0,0,1,0,0,0,0,0,0,0,0,0,0,0,0,0,1,0,0,1,1,0,1,0,1,0,0,0,0,0,1,0,0,0,1,0,1,0,0,0,1,0,1,1,0,0,0,0,0,0,1,0,0,0,1,0,0,0,0,0,0,0,0,0,1,0,0,1,0,0,0,1,1,0,0,1,1,0,1,0,0,0,1,1,0,0,0,1,1,0,0,1,1,0,0,1,1,0,0,1,1,0,0,1,0,0,1,1,0,0,0,0,0,0,1,1,0
Fold_52,0,0,0,1,0,0,0,0,0,0,0,1,0,0,0,0,0,0,0,1,0,0,1,0,0,0,0,0,0,0,0,0,0,1,0,1,0,0,1,0,0,1,1,1,0,1,0,0,0,0,0,0,0,0,1,0,0,0,0,0,0,0,0,0,0,0,0,1,0,0,0,1,0,0,0,0,0,1,0,0,0,0,0,1,0,1,0,1,0,1,0,0,0,0,0,0,0,0,0,0,0,0,0,0,0,0,0,1,0,0,0,0,0,0,0,0,0,0,1,1,0,0,0,0,0,0,0,0,0,0,1,0,0,0,0,0,0,0,0,0,0,0,1,0,0,0,1,1,0,1,0,1,0,1,0,0,0,1,0,0,0,0,0,0,0,0,0,0,0,0,1,0
Fold_53,0,0,1,1,0,1,0,1,0,0,1,0,0,0,0,1,0,0,0,1,0,0,1,1,0,1,0,0,0,1,0,0,0,1,1,0,0,1,1,0,0,0,1,1,0,0,0,0,0,1,0,0,0,0,1,0,0,0,1,1,0,1,1,1,0,0,0,0,0,0,1,1,0,1,0,1,0,1,1,1,0,0,0,1,0,1,0,0,0,1,1,0,0,0,1,1,0,0,0,0,0,1,0,1,0,0,0,0,0,1,0,0,0,0,1,0,0,0,1,1,0,0,1,0,0,0,0,1,0,1,0,1,0,0,1,0,0,1,1,0,0,1,1,0,0,0,1,1,0,0,1,1,0,0,1,1,0,1,0,0,0,1,1,0,0,1,1,0,0,1,1,0
Fold_54,0,1,0,0,0,1,0,0,0,1,1,0,0,1,0,0,0,0,0,1,0,0,0,0,0,0,0,1,0,0,1,0,0,0,1,1,0,1,1,0,0,0,1,1,0,1,1,0,0,1,0,0,0,0,1,0,0,1,1,0,0,1,0,1,0,1,1,0,0,1,1,1,0,0,1,1,0,1,1,0,0,0,1,1,0,1,1,1,0,1,1,0,0,0,1,0,0,1,0,0,0,0,0,1,0,1,0,1,0,0,0,0,0,1,1,1,0,0,0,1,0,0,1,0,0,0,0,1,0,1,1,1,0,0,1,0,0,0,1,0,0,1,1,0,0,1,0,1,0,0,1,1,0,1,1,1,0,0,0,0,0,1,1,0,0,0,0,0,0,1,1,1
Fold_55,0,0,0,1,0,0,0,1,0,1,0,0,0,0,0,0,0,0,0,0,0,0,1,0,0,0,0,0,0,0,0,1,0,1,0,0,0,1,0,0,0,0,1,0,0,0,1,0,0,0,1,0,0,0,1,0,0,0,0,0,0,1,0,0,0,0,1,0,0,0,0,0,0,1,0,0,0,0,0,0,0,0,1,1,0,0,0,1,0,1,1,0,0,0,0,0,0,1,0,1,0,0,0,0,0,0,0,1,0,0,0,0,0,0,0,1,0,0,1,0,0,0,1,0,0,0,1,0,0,0,1,1,0,0,0,0,0,0,0,0,0,0,1,0,0,0,1,1,0,1,1,1,0,0,0,1,0,0,0,0,0,0,1,0,0,0,1,0,0,1,1,0
Fold_56,0,0,0,1,0,1,0,1,0,0,0,0,0,0,0,1,0,0,0,0,0,1,0,0,0,0,1,0,0,0,0,1,0,0,0,1,0,1,1,0,0,0,0,0,0,0,0,0,0,0,0,0,0,0,1,0,0,1,0,0,0,0,0,0,0,0,1,0,0,0,1,1,0,1,1,1,0,1,1,0,0,0,1,1,0,0,1,1,0,1,1,0,0,1,0,0,0,0,0,0,0,0,0,0,0,0,0,0,0,0,0,0,0,0,0,1,0,0,1,1,0,0,1,0,0,0,1,0,0,0,1,1,0,0,0,0,0,1,1,0,0,0,1,0,0,0,1,1,0,0,1,1,0,0,1,1,0,0,0,0,0,1,0,0,0,0,1,1,0,1,1,1
Fold_57,0,0,1,1,0,1,0,1,0,0,1,0,0,0,0,1,0,0,0,0,0,1,1,1,0,1,0,0,0,1,0,1,0,1,1,0,0,1,1,0,0,0,0,1,0,1,0,0,0,1,1,0,0,0,1,0,0,1,1,0,0,0,1,0,0,0,1,0,0,0,1,1,0,1,0,1,0,1,0,0,0,0,1,0,0,1,0,1,0,1,1,0,0,0,1,1,0,0,1,1,0,1,0,0,0,0,0,0,0,1,0,0,0,0,0,1,0,0,1,1,0,0,1,0,0,0,1,0,0,0,0,1,0,0,1,0,0,0,0,0,0,1,1,1,0,0,1,1,0,0,1,1,0,0,1,1,0,1,0,0,0,1,1,0,0,1,1,0,0,0,1,0
Fold_58,0,0,1,0,0,0,0,1,0,0,1,0,0,0,0,0,0,1,0,1,0,0,1,0,0,0,0,0,0,0,0,0,0,0,0,1,0,1,1,0,0,0,1,1,0,1,0,0,0,1,1,0,0,1,1,0,0,0,1,1,0,1,0,0,0,0,1,0,0,0,1,0,0,1,0,1,0,1,1,0,0,0,0,0,0,1,0,1,0,1,1,0,0,0,1,0,0,0,0,1,0,0,0,0,0,1,0,0,0,0,0,0,0,0,0,0,0,0,0,1,0,0,1,0,0,0,0,0,0,1,0,1,0,0,1,1,0,0,0,0,0,0,1,1,0,0,1,1,0,0,1,1,0,0,1,1,0,1,1,0,0,1,1,1,0,1,1,1,0,0,1,0
Fold_59,0,1,1,1,0,0,0,1,0,0,1,0,0,0,0,0,0,0,0,0,0,0,0,0,0,1,0,0,0,0,0,1,0,0,1,0,0,1,1,0,0,0,1,0,0,0,1,0,0,0,0,0,0,0,1,0,0,0,0,0,0,1,1,0,0,0,0,0,0,1,1,1,0,0,0,1,0,0,0,0,0,0,1,1,0,1,0,0,0,1,0,0,0,0,1,1,0,0,0,1,0,0,0,0,0,0,0,0,0,0,0,0,0,0,1,0,0,0,0,1,0,0,1,0,0,0,1,0,0,0,0,1,0,0,1,1,0,1,1,0,0,1,1,0,0,0,1,1,0,0,1,1,0,1,1,0,0,1,0,0,0,0,0,0,0,0,1,1,0,1,1,0
Fold_60,0,1,0,0,0,0,0,1,0,0,1,0,0,0,0,0,0,0,0,1,0,1,1,0,0,1,0,1,0,0,0,1,0,1,0,0,0,1,1,0,0,1,1,1,0,1,1,0,0,0,1,0,0,0,1,0,0,0,1,1,0,1,0,0,0,0,1,1,0,0,1,1,0,0,1,1,0,0,1,0,0,0,0,1,0,1,0,0,0,1,1,0,0,1,1,0,0,0,1,0,0,0,0,0,0,0,0,0,0,0,0,0,0,0,0,0,0,0,1,1,0,0,1,1,0,0,0,1,0,0,0,1,0,0,1,0,0,1,1,0,0,1,1,0,0,0,1,1,0,0,1,1,0,0,1,1,0,1,0,0,0,1,1,0,0,0,1,1,0,1,1,0
Fold_61,0,0,1,1,0,0,0,0,0,1,1,0,0,0,1,0,0,0,0,0,0,1,0,1,0,1,0,1,0,0,0,1,0,1,1,0,0,0,1,0,0,0,0,0,0,1,1,0,0,1,1,0,0,0,1,0,0,1,0,0,0,1,0,0,0,0,1,0,0,1,0,0,0,1,0,1,0,0,1,0,0,0,1,0,0,1,0,1,0,1,1,0,0,0,1,0,0,0,1,0,0,0,0,0,0,1,0,1,0,0,0,0,0,0,0,0,0,0,0,1,0,0,1,0,0,0,1,1,0,1,0,1,0,0,1,0,0,0,0,0,0,0,1,1,0,1,0,1,0,0,1,1,0,0,1,1,0,1,1,0,0,0,1,0,0,0,0,0,0,1,1,1
Fold_62,0,1,0,1,0,1,0,1,0,1,1,0,0,1,1,1,0,0,0,1,0,1,1,1,0,1,0,0,0,0,0,0,0,0,1,0,0,1,1,0,0,0,0,1,0,0,0,0,0,1,0,0,0,0,1,1,0,0,0,0,0,1,0,1,0,0,0,0,0,0,1,1,0,1,0,1,0,0,1,1,0,0,0,1,0,1,0,1,0,1,1,0,0,0,0,1,0,0,1,1,0,0,0,1,0,0,0,0,0,1,0,0,0,0,1,1,0,1,0,1,0,0,1,0,0,1,1,0,0,1,1,1,0,1,1,0,0,0,0,0,0,1,1,0,0,1,0,1,0,0,1,1,0,1,1,1,0,0,0,0,0,1,0,0,0,0,1,1,0,1,1,0
Fold_63,0,0,0,1,0,0,0,1,0,0,0,0,0,0,0,0,0,1,0,1,0,0,1,0,0,0,0,0,0,0,0,0,0,1,0,0,0,0,1,0,0,0,0,0,0,1,0,0,0,0,1,0,0,1,0,0,0,0,0,0,0,1,0,0,0,1,1,0,0,0,0,1,0,0,0,0,0,0,1,0,0,0,0,1,0,1,0,0,0,1,0,0,0,0,0,0,0,0,0,0,0,0,0,0,0,0,0,0,0,0,0,0,0,0,0,0,0,0,1,0,0,0,1,0,0,0,0,0,0,0,1,1,0,0,0,0,0,0,0,0,0,0,1,0,0,0,1,1,0,0,0,1,0,0,0,1,0,1,0,0,0,0,0,0,0,0,1,1,0,0,1,0
Fold_64,0,0,1,1,0,1,0,1,0,0,0,0,0,0,0,0,0,0,0,0,0,1,1,1,0,1,0,1,0,0,0,1,0,1,0,0,0,0,1,0,0,0,1,1,0,1,1,0,0,0,1,0,0,0,1,0,0,0,0,0,0,1,1,1,0,0,0,0,0,0,1,1,0,1,1,1,0,1,0,1,0,0,1,0,0,1,0,0,0,1,1,0,0,0,1,1,0,1,1,0,0,1,0,0,0,0,0,0,0,0,1,1,0,0,0,1,0,1,1,1,0,0,1,0,0,0,1,0,0,0,0,1,0,1,1,1,0,1,1,0,0,0,1,1,0,0,1,1,0,1,1,0,0,1,1,1,0,1,0,0,0,1,1,0,0,1,1,1,0,1,1,0
Fold_65,0,1,0,1,0,1,0,1,0,1,1,0,0,0,0,1,0,0,1,0,0,1,1,1,0,1,1,1,0,1,0,0,0,0,0,0,0,0,0,0,0,1,1,1,0,1,0,0,0,1,1,0,0,0,0,0,0,0,1,0,0,1,1,1,0,1,0,0,0,1,0,1,0,1,1,1,0,1,1,1,0,1,1,1,0,1,0,0,0,1,1,1,0,1,1,1,0,1,1,0,0,1,0,1,0,0,1,0,0,1,1,1,0,1,0,1,0,1,1,1,0,0,1,0,0,0,1,1,0,0,1,1,0,1,1,0,0,1,0,0,0,1,1,0,0,0,1,1,0,1,1,0,0,1,1,1,0,1,1,0,0,1,1,1,0,0,1,0,0,1,0,0
Fold_66,0,0,1,1,0,0,0,1,0,0,0,0,0,0,0,1,0,0,0,1,0,0,0,0,0,0,0,0,0,0,0,1,0,0,0,0,0,0,0,0,0,0,1,1,0,1,0,0,0,0,1,0,0,0,1,0,0,1,1,0,0,1,0,0,0,0,1,0,0,0,1,1,0,1,0,1,0,1,0,0,0,0,1,1,0,1,0,0,0,1,1,0,0,0,1,1,0,0,0,0,0,0,0,1,0,1,0,0,0,0,0,1,0,0,0,1,0,0,1,0,0,0,1,0,0,0,0,1,0,0,0,1,0,0,1,1,0,1,0,0,0,0,1,1,0,0,1,1,0,1,1,0,0,0,1,0,0,0,0,1,0,1,0,0,0,1,1,0,0,1,1,0
Fold_67,0,0,1,1,0,1,0,1,0,1,1,0,0,0,0,0,0,0,0,0,0,1,1,1,0,0,0,1,0,0,0,1,0,0,0,1,0,1,1,0,0,1,0,1,0,1,1,0,0,1,1,0,0,1,1,0,0,0,0,0,0,1,1,0,0,0,1,0,0,1,0,0,0,1,0,1,0,0,1,1,0,0,1,1,0,1,0,0,0,1,1,0,0,0,0,1,0,1,1,0,0,1,0,0,0,0,0,0,0,1,0,0,0,1,1,0,0,1,0,1,0,0,1,0,0,0,1,1,0,0,0,1,0,0,1,0,0,1,0,0,0,1,1,0,0,0,1,1,0,0,0,1,0,0,1,1,0,1,0,1,0,1,1,0,0,0,0,1,0,0,1,0
Fold_68,0,0,1,1,0,0,0,0,0,0,1,0,0,0,0,0,0,0,0,1,0,1,1,0,0,0,0,0,0,0,0,0,0,0,1,1,0,1,1,0,0,0,1,0,0,0,1,0,0,1,0,0,0,0,0,0,0,1,1,0,0,0,0,0,0,0,0,0,0,0,0,1,0,1,0,0,0,0,0,0,0,0,0,0,0,1,0,1,0,1,1,0,0,0,0,0,0,1,0,1,0,0,1,0,0,0,1,1,0,0,0,0,0,0,0,0,0,0,1,1,0,0,1,0,0,0,1,0,0,0,0,1,0,0,0,0,0,0,0,0,0,0,1,0,0,0,1,1,0,0,1,0,0,0,1,0,0,1,0,0,0,1,0,0,0,0,0,0,0,0,1,0
Fold_69,0,0,1,1,0,1,0,1,0,1,0,0,0,0,0,0,0,0,0,1,0,1,1,1,0,0,0,0,0,0,0,1,0,0,0,1,0,0,1,0,0,0,1,1,0,0,1,0,0,0,1,0,0,0,1,0,0,0,0,1,0,1,0,0,0,0,1,0,0,1,1,1,0,1,0,1,0,0,1,1,0,0,1,1,0,1,0,1,0,1,1,1,0,0,1,1,0,1,0,1,0,1,0,0,0,0,0,1,0,1,0,0,0,0,1,1,0,0,0,1,0,0,1,0,0,0,1,0,0,1,0,1,0,0,1,0,0,0,0,0,0,1,1,0,0,0,1,1,0,0,1,1,0,0,0,0,0,1,0,1,0,1,1,0,0,0,1,1,0,1,1,0
Fold_70,0,0,0,0,0,0,0,1,0,0,0,0,0,0,0,0,0,0,0,0,0,0,1,1,0,0,0,1,0,0,0,1,0,0,0,1,0,1,1,0,0,0,1,0,0,0,0,0,0,0,1,0,0,1,1,1,0,0,1,0,0,1,1,1,0,0,1,0,0,1,0,1,0,0,0,1,0,0,1,0,0,0,1,0,0,1,0,1,0,1,1,0,0,0,0,1,0,1,0,0,0,0,0,0,0,0,0,1,0,0,0,1,0,0,0,0,0,0,0,1,0,0,1,0,0,0,1,0,0,0,0,0,0,0,1,1,0,0,0,0,0,0,1,0,0,0,1,1,0,0,0,1,0,0,1,0,0,0,0,0,0,1,1,0,0,0,1,0,0,0,1,0
Fold_71,0,0,0,1,0,1,0,1,0,1,1,1,0,0,0,0,0,0,0,1,0,0,1,1,0,1,1,0,0,0,0,1,0,1,0,0,0,0,1,0,0,1,1,0,0,1,1,0,0,0,1,0,0,0,1,1,0,0,1,0,0,1,0,0,0,0,0,1,0,0,1,1,0,1,0,1,0,1,1,1,0,0,1,1,0,1,0,0,0,1,1,0,0,1,1,1,0,1,0,1,0,0,0,1,0,1,0,0,0,1,0,0,0,0,0,0,0,0,0,0,0,0,1,0,0,1,1,0,0,0,1,1,0,1,1,0,0,1,1,0,0,1,1,0,0,0,0,1,0,0,1,1,0,1,1,1,0,1,1,0,0,1,1,0,0,1,1,0,0,1,1,1
Fold_72,0,0,0,1,0,0,0,1,0,1,0,0,0,1,0,0,0,1,0,0,0,1,0,1,0,1,0,0,0,1,0,1,0,0,0,0,0,1,1,0,0,1,0,1,0,0,0,0,0,1,0,0,0,1,0,0,0,1,0,0,0,0,0,1,0,1,1,0,0,0,0,1,0,1,1,1,0,0,1,0,0,0,1,1,0,1,0,1,0,1,1,1,0,0,0,1,0,1,1,1,0,1,0,0,0,0,0,0,0,1,0,0,0,1,1,1,0,1,0,1,0,0,1,0,0,1,1,0,0,1,0,1,0,0,1,1,0,1,0,0,0,1,1,1,0,1,0,1,0,1,0,1,0,0,1,1,0,0,0,0,0,1,1,0,0,1,0,1,0,1,1,0
Fold_73,0,1,1,1,0,1,0,1,0,0,0,0,0,0,0,1,0,1,0,0,0,0,0,1,0,1,0,0,0,0,0,1,0,0,1,0,0,1,1,0,0,0,1,1,0,0,1,0,0,0,1,1,0,0,1,0,0,1,0,0,0,0,0,0,0,1,1,1,0,1,1,1,0,0,0,1,0,1,1,0,0,0,0,1,0,1,0,1,0,1,1,0,0,0,1,1,0,0,0,0,0,0,0,0,0,0,0,0,0,1,0,0,0,0,0,1,0,0,0,1,0,0,1,0,0,1,0,0,0,1,0,1,0,0,1,0,0,1,1,0,0,1,1,0,0,0,1,1,0,0,1,1,0,0,1,1,0,0,1,0,0,1,0,0,0,0,1,1,0,1,1,0
Fold_74,0,1,1,1,0,0,0,1,0,0,0,0,0,0,0,0,0,1,0,1,0,0,1,1,0,1,0,0,0,1,0,1,0,1,1,1,0,0,0,1,0,0,1,1,0,1,0,0,0,1,0,1,0,0,0,1,0,0,1,0,0,1,1,0,0,0,0,0,0,1,1,1,0,1,1,1,0,1,1,1,0,1,1,0,0,1,0,0,0,1,0,1,0,0,1,1,0,0,1,0,0,0,0,0,0,1,0,1,0,1,1,0,0,1,0,1,0,0,1,1,0,0,1,1,0,0,1,1,0,0,0,1,0,1,1,0,0,0,0,0,0,1,1,0,0,0,1,1,0,0,1,0,0,0,1,1,0,1,1,1,0,1,1,0,0,0,1,0,0,1,1,0
Fold_75,0,1,1,0,0,1,0,1,0,1,1,0,0,1,0,0,0,1,0,1,0,1,1,1,0,0,1,1,0,1,0,0,0,0,0,0,0,1,1,0,0,1,1,1,0,0,1,0,0,1,1,0,0,1,1,0,0,1,0,1,0,1,1,1,0,0,0,0,0,0,0,1,0,1,1,1,0,0,1,0,0,1,1,0,0,1,0,0,0,1,1,1,0,1,1,1,0,1,1,0,0,1,0,1,0,1,0,1,0,1,1,1,0,1,1,1,0,1,0,1,0,1,1,1,0,1,0,1,0,1,1,1,0,0,0,0,0,1,0,0,0,1,1,1,0,0,1,1,0,0,1,0,0,1,1,1,0,1,1,0,0,1,0,1,0,0,1,1,0,1,1,0
Fold_76,0,1,1,1,0,0,0,1,0,1,1,0,0,1,0,0,0,0,0,1,0,1,1,1,0,1,0,1,0,0,0,1,0,1,1,0,0,1,1,0,0,0,0,1,0,0,1,0,0,1,0,1,0,0,0,1,0,1,1,1,0,1,1,1,0,0,0,0,0,1,0,1,0,1,1,1,0,0,1,1,0,0,1,1,0,1,0,0,0,1,1,0,0,0,1,1,0,1,0,0,0,1,0,0,0,0,0,0,0,1,1,1,0,0,0,1,0,1,0,1,0,0,1,0,0,0,1,1,0,1,1,1,0,1,1,0,0,1,1,0,0,1,1,0,0,0,1,1,0,0,1,1,0,1,1,1,0,1,0,1,0,0,0,0,0,1,1,0,0,1,1,1
Fold_77,0,0,1,1,0,0,0,1,0,0,0,0,0,1,0,0,0,1,1,1,0,1,0,1,0,1,1,1,0,0,0,0,0,1,0,1,0,0,1,0,0,0,0,1,0,0,1,0,0,0,0,0,0,0,0,0,0,1,1,0,0,1,0,1,0,0,0,1,0,0,1,1,0,1,1,1,0,0,1,1,0,1,1,0,0,1,0,1,0,1,1,0,0,1,1,1,0,1,0,0,0,1,0,0,0,0,0,1,0,1,0,1,0,1,1,0,0,1,0,1,0,0,1,1,0,0,1,1,0,1,1,1,0,0,1,0,0,1,0,1,0,1,1,1,0,0,1,1,0,1,0,0,0,0,1,1,0,1,1,1,0,1,1,0,0,0,1,1,0,1,1,1
Fold_78,0,0,0,1,0,1,0,0,0,1,1,0,0,1,0,1,0,0,0,1,0,1,1,1,0,0,0,0,0,1,0,1,0,1,0,1,0,1,1,0,0,0,1,1,0,1,1,0,0,0,1,0,0,0,1,1,0,1,0,0,0,1,0,1,0,0,0,0,0,0,1,1,0,1,0,1,0,0,1,1,0,1,0,1,0,1,1,1,0,1,1,0,0,0,0,1,0,0,1,1,0,1,0,0,0,1,0,0,0,1,0,1,0,1,1,1,0,1,0,1,0,0,1,1,0,1,1,0,0,1,0,1,0,0,1,0,0,1,1,0,0,1,1,1,0,1,1,1,0,0,1,0,0,1,1,1,0,1,1,1,0,1,0,0,0,1,1,0,0,1,1,1
Fold_79,0,1,1,0,0,1,0,1,0,0,1,0,0,0,0,1,0,0,0,0,0,0,0,1,0,1,0,1,0,1,0,0,0,1,1,1,0,1,0,0,0,0,0,1,0,0,0,0,0,1,1,0,0,1,0,0,0,1,0,1,0,1,1,1,0,0,0,1,0,1,1,1,0,0,0,1,0,0,1,1,0,0,0,1,0,1,1,1,0,1,0,0,0,0,0,1,0,0,1,1,0,1,0,1,0,0,1,0,0,1,1,0,0,1,1,1,0,1,1,1,0,0,1,0,0,1,1,1,0,1,0,1,0,1,1,1,0,0,0,0,0,1,1,0,0,1,0,1,0,0,1,0,0,0,1,1,0,1,0,1,0,1,0,0,0,1,0,1,0,1,1,1
Fold_80,0,1,1,1,0,0,0,1,0,0,1,0,0,0,0,0,0,1,0,0,0,1,1,1,0,0,0,0,0,0,0,1,0,1,1,0,0,0,1,0,0,0,0,1,0,0,0,0,0,0,1,0,0,1,1,1,0,0,0,0,0,0,0,0,0,0,0,0,0,1,1,1,0,1,0,0,0,0,0,1,0,0,0,1,0,1,0,1,0,1,1,0,0,0,0,1,0,0,0,0,0,0,0,0,0,0,0,0,0,0,0,0,0,0,0,0,0,1,0,0,0,0,1,0,0,0,0,0,0,0,0,1,0,0,1,0,0,0,1,0,0,0,1,0,0,0,1,1,0,1,0,1,0,0,1,1,0,1,0,0,0,1,1,0,0,1,1,0,0,1,1,1
Fold_81,0,0,0,1,0,1,0,1,0,1,1,0,0,1,1,0,0,1,0,1,0,0,1,1,0,0,0,0,0,0,0,1,0,0,0,0,0,0,1,0,0,0,1,0,0,0,0,0,0,0,1,1,0,0,0,0,0,0,0,0,0,1,0,0,0,0,0,0,0,0,1,1,0,1,0,1,0,0,1,0,0,0,1,0,0,1,0,0,0,1,1,0,0,0,1,0,0,1,0,0,0,1,0,0,0,0,0,1,0,1,0,0,0,0,0,0,0,0,1,1,0,0,0,1,0,0,0,0,0,1,0,1,0,0,1,0,0,0,1,0,0,0,1,0,0,0,1,1,0,0,1,0,0,1,1,0,0,0,0,1,0,1,1,0,0,0,1,1,0,1,1,0
Fold_82,0,0,1,1,0,0,0,0,0,0,0,0,0,0,0,0,0,0,0,0,0,0,1,0,0,1,0,0,0,0,0,1,0,0,0,1,0,1,0,0,0,0,1,0,0,0,0,0,0,0,1,0,0,0,1,1,0,1,1,0,0,0,0,0,0,0,0,0,0,1,0,1,0,1,0,1,0,1,0,0,0,0,1,0,0,1,0,1,0,1,1,0,0,0,1,0,0,0,0,0,0,0,1,0,0,1,0,0,0,0,0,0,0,0,0,1,0,0,0,1,0,0,1,0,0,0,0,0,0,0,0,1,0,0,0,0,0,0,0,0,0,0,0,0,0,1,1,1,0,0,1,1,0,1,0,0,0,0,0,0,0,1,0,0,0,0,0,1,0,1,1,0
Fold_83,0,0,1,1,0,0,0,1,0,1,1,0,0,0,0,0,0,0,0,0,0,0,1,1,0,0,1,0,0,0,0,1,0,1,1,0,0,0,1,0,0,0,0,0,0,1,1,0,0,0,1,0,0,0,0,0,0,0,1,0,0,1,0,0,0,0,0,0,0,0,1,0,0,1,0,1,0,1,1,0,0,0,0,1,0,1,0,1,0,1,1,0,0,0,1,1,0,1,0,1,0,0,0,0,0,0,0,1,0,0,0,0,0,0,1,0,0,0,1,1,0,0,1,0,0,0,1,1,0,0,0,1,0,0,1,1,0,1,0,0,0,1,1,0,0,0,0,1,0,1,1,1,0,1,1,1,0,1,0,0,0,1,1,0,0,0,1,1,0,1,1,0
Fold_84,0,0,0,1,0,0,0,1,0,0,1,0,0,0,0,0,0,0,0,0,0,0,0,1,0,1,0,0,0,0,0,0,0,0,0,0,0,1,1,0,0,0,1,0,0,0,1,0,0,0,0,0,0,0,1,0,0,1,0,0,0,0,0,0,0,0,0,0,0,0,0,0,0,1,1,1,0,1,0,0,0,0,0,0,0,1,0,1,0,1,0,0,0,0,0,1,0,1,0,0,0,0,0,0,0,1,0,0,0,0,0,0,0,0,0,0,0,1,0,1,0,1,1,1,0,0,1,0,0,0,1,1,0,1,1,1,0,1,1,0,0,0,1,1,0,0,1,1,0,0,1,0,0,1,0,1,0,0,0,1,0,1,1,0,0,0,1,0,0,1,1,0
Fold_85,0,0,1,1,0,0,0,1,0,0,0,0,0,0,0,0,0,0,0,0,0,0,1,1,0,0,1,1,0,0,0,1,0,1,0,0,0,0,1,0,0,0,0,1,0,1,1,0,0,0,1,0,0,1,1,0,0,0,0,1,0,1,0,0,0,0,1,1,0,0,1,0,0,1,0,1,0,0,1,1,0,1,1,1,0,1,0,1,0,1,1,0,0,0,1,0,0,1,0,1,0,0,0,1,0,1,0,0,0,1,0,0,0,1,1,0,0,1,0,1,0,0,1,0,0,1,1,1,0,1,0,1,0,0,1,0,0,1,0,0,0,0,1,0,0,0,1,1,0,1,1,1,0,0,1,1,0,1,1,0,0,1,1,0,0,1,0,1,0,1,1,1
Fold_86,0,0,1,1,0,1,0,1,0,1,0,0,0,0,0,0,0,1,0,1,0,1,1,1,0,0,0,1,0,0,0,1,0,1,1,0,0,0,1,0,0,0,0,1,0,1,1,0,0,1,1,0,0,1,1,1,0,1,0,0,0,1,1,0,0,0,1,0,0,1,1,1,0,1,0,0,0,0,1,1,0,0,0,1,0,1,0,1,0,1,1,0,0,0,0,1,0,0,1,0,0,1,1,1,0,1,0,1,0,1,0,0,0,0,1,1,0,1,1,1,0,0,1,1,0,1,1,0,0,1,1,1,0,0,1,0,0,0,1,0,0,1,1,0,0,0,0,1,0,1,1,1,0,1,1,1,0,1,0,1,0,0,1,0,0,1,0,1,0,1,1,1
Fold_87,0,0,1,1,0,0,0,1,0,1,1,0,0,0,0,0,0,0,0,1,0,1,1,1,0,1,0,0,0,0,0,0,0,0,1,0,0,0,1,0,0,0,1,1,0,1,0,0,0,1,0,0,0,0,1,0,0,0,1,0,0,1,0,1,0,0,0,0,0,0,1,1,0,0,1,1,0,0,1,0,0,0,0,1,0,1,0,0,0,1,1,0,0,0,1,1,0,0,1,0,0,0,0,1,0,1,0,0,0,1,0,0,0,0,0,0,0,0,0,1,0,0,1,0,0,0,0,1,0,1,0,1,0,0,1,0,0,1,0,0,0,1,1,0,0,0,1,1,0,0,1,1,0,0,1,0,0,1,0,0,0,0,0,0,0,0,1,0,0,1,1,1
Fold_88,0,1,1,0,0,1,0,1,0,1,1,0,0,0,0,0,0,0,1,1,0,1,0,1,0,1,0,0,0,0,0,0,0,1,1,0,0,1,1,0,0,0,1,1,0,0,0,0,0,0,1,0,0,0,1,0,0,0,0,0,0,1,0,0,0,1,1,0,0,1,1,1,0,1,0,1,0,1,0,1,0,0,1,1,0,1,0,1,0,1,1,1,0,0,1,1,0,1,0,1,0,0,0,0,0,1,0,0,0,1,0,1,0,1,0,1,0,1,0,1,0,0,1,0,0,0,0,1,0,0,1,1,0,0,1,1,0,1,1,0,0,1,1,1,0,0,1,1,0,1,1,1,0,0,1,1,0,1,1,0,0,1,1,0,0,1,1,1,0,1,1,1
Fold_89,0,1,1,1,0,0,0,1,0,0,0,0,0,0,0,0,0,1,1,0,0,1,0,1,0,0,1,1,0,0,0,0,0,1,0,0,0,1,0,0,0,0,0,0,0,1,0,0,0,1,1,0,0,1,1,0,0,0,0,1,0,1,1,1,0,0,1,0,0,0,1,1,0,0,0,1,0,0,1,1,0,1,0,1,0,1,0,1,0,1,1,0,0,1,1,1,0,0,0,1,0,1,0,0,0,0,0,1,0,0,1,0,0,0,0,1,0,1,0,0,0,0,1,0,0,1,1,1,0,0,0,1,0,1,1,0,0,1,0,0,0,1,1,0,0,0,1,1,0,0,1,1,0,0,1,1,0,0,0,0,0,1,1,0,0,1,1,1,0,1,1,1
Fold_90,0,0,0,1,0,0,0,1,0,0,1,0,0,0,0,0,0,0,0,0,0,0,1,0,0,0,0,0,0,0,0,0,0,1,1,1,0,0,1,0,0,0,0,0,0,0,1,0,0,0,1,0,0,0,1,0,0,0,1,0,0,1,0,0,0,0,0,0,0,1,1,1,0,0,0,0,0,0,0,0,0,0,1,1,0,0,0,1,0,1,0,0,0,0,0,0,0,0,0,0,0,0,0,0,0,1,1,1,0,0,0,0,0,0,0,0,0,1,1,1,0,0,1,0,0,0,0,0,0,0,0,0,0,0,0,0,0,0,0,0,0,0,1,0,0,0,1,1,0,0,1,1,0,0,0,0,0,1,0,0,0,0,1,0,0,0,0,0,0,1,1,0
Fold_91,0,1,1,1,0,0,0,1,0,0,1,1,0,0,0,0,0,0,0,0,0,1,1,1,0,0,0,1,0,0,0,1,0,0,1,0,0,1,1,0,0,0,1,1,0,0,0,0,0,0,0,0,0,0,1,1,0,0,0,0,0,1,1,0,0,0,0,0,0,0,1,1,0,1,1,1,0,1,0,0,0,0,1,1,0,1,0,1,0,1,0,1,0,0,1,1,0,0,0,0,0,1,0,0,0,0,0,0,0,1,0,0,0,0,0,0,0,1,1,1,0,0,1,0,0,0,1,0,0,0,0,1,0,0,1,0,0,1,1,0,0,0,1,1,0,0,1,1,0,0,0,1,0,1,1,1,0,0,0,0,0,1,0,0,0,0,1,1,0,1,1,0
Fold_92,0,1,1,1,0,0,0,1,0,0,1,0,0,0,0,0,0,0,0,0,0,0,1,1,0,1,0,0,0,0,0,1,0,0,1,0,0,1,1,0,0,0,1,1,0,0,0,0,0,1,0,0,0,0,1,0,0,1,1,0,0,0,1,0,0,0,0,0,0,0,1,1,0,1,1,1,0,0,1,0,0,0,0,1,0,1,0,1,0,1,0,0,0,0,1,1,0,0,1,0,0,0,0,0,0,0,0,0,0,0,0,0,0,0,0,0,0,0,1,1,0,0,1,0,0,0,0,1,0,0,0,1,0,0,1,0,0,1,0,0,0,1,1,0,0,0,1,1,0,0,0,1,0,0,1,0,0,0,0,0,0,1,1,0,0,0,1,1,0,1,1,0
Fold_93,0,0,1,0,0,0,0,1,0,0,1,0,0,0,0,0,0,0,0,0,0,0,1,0,0,0,0,0,0,0,0,0,0,0,1,1,0,1,0,0,0,0,1,0,0,0,0,0,0,0,1,0,0,0,0,0,0,0,1,0,0,0,0,0,0,0,0,0,0,1,0,0,0,0,0,0,0,0,0,0,0,0,0,1,0,1,0,1,0,1,1,0,0,0,0,0,0,0,0,0,0,0,1,0,0,0,0,1,0,0,0,0,0,0,1,0,0,0,1,1,0,0,1,0,0,0,0,0,0,0,0,1,0,0,1,0,0,0,0,0,0,0,1,0,0,0,0,1,0,0,1,1,0,1,1,0,0,0,0,0,0,0,0,0,0,0,0,0,0,0,1,0
Fold_94,0,0,0,1,0,0,0,0,0,0,1,0,0,0,0,1,0,0,0,0,0,0,1,1,0,1,0,0,0,0,0,1,0,1,1,1,0,1,1,0,0,0,0,0,0,0,1,0,0,1,1,0,0,0,0,0,0,1,1,0,0,0,0,0,0,0,1,0,0,1,1,1,0,1,0,1,0,0,1,0,0,0,0,0,0,1,0,1,0,1,1,0,0,0,1,1,0,0,0,1,0,0,0,0,0,0,0,0,0,0,0,0,0,0,1,1,0,0,1,1,0,0,1,1,0,0,1,1,0,0,0,1,0,0,1,0,0,0,0,0,0,1,1,0,0,0,1,1,0,0,1,0,0,0,1,1,0,1,0,0,0,1,0,0,0,1,1,0,0,1,1,0
Fold_95,0,1,1,0,0,1,0,1,0,0,0,0,0,1,0,0,0,0,0,1,0,0,0,1,0,0,0,1,0,0,0,1,0,1,0,0,0,1,0,0,0,0,1,1,0,0,1,0,0,0,0,0,0,0,1,0,0,1,0,0,0,1,0,0,0,0,0,0,0,0,1,1,0,0,1,1,0,0,0,0,0,0,1,1,0,1,0,1,0,1,0,0,0,0,1,0,0,0,0,0,0,0,0,0,0,1,0,0,0,1,0,0,0,0,0,0,0,0,1,1,0,0,1,0,0,0,0,1,0,0,0,1,0,0,0,1,0,1,1,0,0,0,1,1,0,1,1,1,0,0,1,0,0,0,1,1,0,0,0,0,0,0,0,0,0,0,0,1,0,1,1,0
Fold_96,0,1,1,0,0,0,0,0,0,0,0,0,0,0,0,0,0,0,0,1,0,0,1,0,0,0,0,0,0,0,0,1,0,1,1,0,0,1,1,0,0,0,1,0,0,0,0,0,0,1,1,0,0,0,1,0,0,0,1,0,0,1,1,0,0,1,1,1,0,0,1,0,0,1,0,1,0,1,0,0,0,0,0,0,0,1,0,1,0,1,0,0,0,0,1,0,0,0,1,0,0,0,0,0,0,1,0,1,0,0,0,0,0,0,0,0,0,0,1,1,0,0,1,0,0,0,0,0,0,1,0,1,0,0,1,0,0,1,0,0,0,0,1,0,0,1,1,1,0,0,1,1,0,0,1,0,0,1,0,0,0,0,1,0,0,0,1,0,0,0,1,0
Fold_97,0,0,1,1,0,0,0,1,0,0,0,0,0,1,0,0,0,0,0,1,0,1,0,1,0,1,0,0,0,0,0,1,0,1,1,0,0,1,1,0,0,0,1,1,0,0,0,0,0,1,1,0,0,1,0,0,0,0,0,0,0,0,0,1,0,1,1,1,0,1,1,0,0,1,0,1,0,0,1,1,0,0,1,1,0,1,0,1,0,1,1,0,0,1,1,1,0,1,0,0,0,1,0,0,0,0,0,1,0,1,0,0,0,0,0,1,0,0,0,1,0,0,1,0,0,1,1,0,0,0,0,1,0,0,1,1,0,1,0,0,0,1,1,1,0,1,1,1,0,0,1,0,0,0,1,1,0,0,0,0,0,1,0,0,0,1,1,1,0,1,1,0
Fold_98,0,0,0,0,0,0,0,1,0,1,1,0,0,0,0,0,0,0,1,0,0,0,0,1,0,0,0,0,0,0,0,1,0,1,1,0,0,1,1,0,0,0,1,1,0,0,0,0,0,1,0,0,0,1,1,0,0,1,0,0,0,1,0,1,0,0,0,1,0,1,0,0,0,1,1,1,0,1,1,1,0,0,1,1,0,1,0,1,0,1,1,1,0,0,1,0,0,0,1,1,0,1,0,0,0,0,0,1,0,0,1,0,0,1,1,0,0,0,1,1,0,0,1,1,0,0,0,1,0,1,1,1,0,1,1,0,0,0,0,0,0,1,1,0,0,0,0,1,0,1,1,0,0,1,1,1,0,1,1,1,0,1,1,0,0,0,1,1,0,1,1,0
Fold_99,0,0,1,1,0,0,0,1,0,0,0,0,0,0,0,0,0,0,0,0,0,0,1,0,0,1,0,0,0,0,0,0,0,0,0,0,0,0,1,0,0,0,1,1,0,0,0,0,0,0,1,0,0,0,1,0,0,0,1,0,0,1,0,0,0,0,0,0,0,0,1,1,0,1,1,0,0,0,1,0,0,0,0,1,0,1,0,1,0,1,1,0,0,0,1,0,0,0,0,0,0,0,1,0,0,0,0,1,0,0,0,0,0,0,0,0,0,0,1,0,0,0,1,0,0,0,1,0,0,0,0,1,0,0,1,0,0,1,0,0,0,0,0,1,0,0,1,1,0,0,1,1,0,0,0,1,0,1,0,1,0,1,1,0,0,1,1,0,0,1,1,0
Fold_100,0,0,1,0,0,1,0,1,0,0,1,0,0,0,0,0,0,0,0,0,0,1,1,0,0,1,0,1,0,0,0,0,0,1,0,1,0,0,1,0,0,1,1,0,0,1,1,0,0,0,1,0,0,0,0,0,0,1,1,1,0,1,0,0,0,0,1,0,0,1,1,0,0,0,1,1,0,0,1,1,0,1,1,1,0,1,1,0,0,1,1,0,0,0,0,1,0,0,1,1,0,0,1,0,0,0,0,1,0,0,0,0,0,1,0,1,0,1,1,1,0,0,1,0,0,0,1,1,0,1,0,1,0,1,1,1,0,1,1,0,0,1,1,0,0,0,1,1,0,0,1,1,0,0,1,1,0,1,0,0,0,0,1,0,0,0,1,1,0,1,0,0
Fold_101,0,0,1,1,0,0,0,1,0,0,1,0,0,0,0,0,0,1,0,0,0,0,1,1,0,0,0,0,0,0,0,1,0,1,0,0,0,1,1,0,0,0,1,1,0,0,0,0,0,0,1,0,0,0,1,0,0,1,1,0,0,0,0,0,0,1,0,0,0,1,1,0,0,1,0,1,0,0,1,0,0,0,1,1,0,1,0,1,0,1,0,0,0,0,1,1,0,1,1,0,0,1,1,0,0,0,0,0,0,1,0,0,0,0,0,1,0,0,1,1,0,0,1,0,0,0,1,0,0,0,0,1,0,0,1,1,0,1,0,0,0,1,1,0,0,0,1,1,0,0,1,0,0,1,1,0,0,1,0,0,0,1,1,0,0,1,1,0,0,1,1,0
Fold_102,0,0,1,0,0,0,0,1,0,1,1,0,0,0,0,0,0,0,0,0,0,1,0,1,0,0,0,1,0,0,0,1,0,0,1,0,0,1,1,0,0,0,1,0,0,0,0,0,0,0,1,1,0,1,0,0,0,1,0,1,0,1,0,0,0,0,1,0,0,0,0,0,0,1,0,0,0,0,1,0,0,1,1,0,0,1,1,1,0,1,1,0,0,1,1,0,0,1,1,0,0,0,1,1,0,1,1,1,0,0,0,1,0,1,1,0,0,0,1,1,0,0,1,0,0,0,0,1,0,1,0,1,0,0,1,1,0,1,1,0,0,0,1,0,0,0,1,1,0,1,1,0,0,0,1,1,0,0,1,0,0,1,1,0,0,1,0,1,0,1,1,1
Fold_103,0,0,1,1,0,0,0,1,0,1,0,0,0,0,0,0,0,0,0,1,0,1,0,0,0,0,0,1,0,1,0,0,0,1,0,0,0,0,1,0,0,0,1,1,0,0,0,0,0,1,1,0,0,0,1,0,0,1,1,0,0,1,1,0,0,0,1,1,0,1,1,1,0,1,0,1,0,1,1,0,0,0,1,1,0,1,0,0,0,1,1,0,0,0,1,0,0,1,1,1,0,1,0,0,0,1,0,1,0,0,0,0,0,0,0,0,0,0,1,1,0,0,1,1,0,0,1,1,0,1,0,1,0,0,1,0,0,0,0,0,0,1,1,0,0,1,0,1,0,0,1,1,0,1,1,1,0,1,0,0,0,1,1,0,0,0,0,0,0,1,1,0
Fold_104,0,1,1,1,0,0,0,0,0,1,1,0,0,0,0,0,0,0,0,0,0,0,1,1,0,1,1,0,0,1,0,1,0,1,1,0,0,1,1,0,0,0,0,1,0,1,1,0,0,0,1,0,0,0,1,0,0,0,0,1,0,0,0,0,0,0,0,1,0,1,0,1,0,1,0,1,0,0,1,1,0,1,0,1,0,1,0,0,0,1,1,0,0,0,1,1,0,0,1,0,0,0,0,0,0,0,0,0,0,1,0,0,0,0,1,0,0,0,0,1,0,0,1,0,0,0,1,1,0,1,0,1,0,0,1,0,0,1,1,0,0,1,1,0,0,0,1,1,0,0,1,1,0,0,1,1,0,1,1,0,0,1,1,0,0,0,1,1,0,1,1,0
Fold_105,0,1,1,1,0,1,0,1,0,1,1,0,0,0,0,1,0,0,0,1,0,1,1,1,0,0,0,0,0,1,0,0,0,1,0,1,0,0,1,0,0,1,1,1,0,0,0,0,0,0,0,0,0,1,1,1,0,0,1,1,0,1,1,1,0,0,1,0,0,1,1,1,0,1,1,1,0,0,1,1,0,1,1,0,0,1,0,1,0,1,1,1,0,1,1,1,0,0,1,1,0,1,0,1,0,1,0,1,0,1,0,1,0,1,0,1,0,1,0,1,0,0,1,1,0,1,1,1,0,0,0,1,0,0,0,1,0,1,0,0,0,1,1,0,0,0,1,1,0,1,1,0,0,0,0,1,0,1,1,0,0,1,1,1,0,1,1,1,0,0,1,1
Fold_106,0,0,1,0,0,0,0,1,0,0,0,0,0,1,0,0,0,0,0,0,0,0,0,0,0,0,0,0,0,0,0,1,0,0,0,0,0,0,1,0,0,0,1,0,0,0,0,0,0,1,0,0,0,0,0,0,0,0,0,0,0,0,0,0,0,0,0,0,0,0,0,0,0,0,1,0,0,0,0,0,0,0,0,0,0,1,0,0,0,1,0,0,0,0,0,0,0,0,0,0,0,0,0,0,0,0,0,0,0,0,0,0,0,0,0,0,0,0,0,0,0,0,1,1,0,0,0,0,0,0,0,0,0,0,0,0,0,0,0,0,0,0,1,0,0,0,1,1,0,0,0,0,0,0,0,0,0,0,0,0,0,0,0,0,0,0,0,0,0,0,0,0
Fold_107,0,0,0,1,0,0,0,1,0,0,1,0,0,0,0,0,0,0,0,0,0,0,1,1,0,0,0,0,0,0,0,0,0,0,0,0,0,0,0,0,0,0,1,0,0,0,0,0,0,0,0,0,0,0,1,0,0,1,0,0,0,0,0,0,0,0,0,0,0,0,0,0,0,0,0,1,0,0,0,0,0,0,1,1,0,1,0,0,0,1,0,0,0,0,0,0,0,0,0,0,0,0,0,0,0,0,0,1,0,0,0,0,0,0,0,0,0,0,1,0,0,0,1,1,0,0,0,0,0,0,0,1,0,0,0,0,0,0,0,0,0,0,1,0,0,0,1,1,0,0,0,0,0,1,1,0,0,0,0,1,0,1,1,0,0,0,0,1,0,1,1,0
Fold_108,0,0,1,1,0,1,0,1,0,1,1,0,0,0,0,0,0,0,0,0,0,1,1,1,0,0,0,0,0,0,0,0,0,0,0,0,0,1,1,0,0,0,1,1,0,0,1,0,0,0,1,0,0,0,1,0,0,1,1,0,0,1,0,0,0,0,0,0,0,0,0,1,0,1,0,1,0,1,1,1,0,0,0,1,0,1,0,1,0,1,1,1,0,0,1,1,0,1,0,1,0,0,0,0,0,0,0,0,0,0,0,0,0,0,0,1,0,0,0,0,0,0,1,0,0,0,1,0,0,0,0,1,0,0,1,1,0,1,1,0,0,0,1,0,0,0,1,1,0,1,1,0,0,0,1,1,0,0,0,0,0,1,1,0,0,0,1,0,0,1,0,0
Fold_109,0,0,1,1,0,1,0,1,0,0,1,0,0,0,0,0,0,0,0,1,0,1,1,1,0,0,0,1,0,0,0,0,0,0,1,0,0,1,1,0,0,1,1,1,0,1,1,0,0,0,0,0,0,0,1,1,0,0,1,0,0,0,0,0,0,0,0,0,0,1,1,1,0,1,1,1,0,0,1,1,0,0,1,0,0,1,0,1,0,1,0,0,0,0,1,1,0,0,1,1,0,0,0,0,0,1,0,0,0,1,0,0,0,0,0,1,0,0,0,1,0,0,1,0,0,0,1,0,0,0,1,1,0,0,1,0,0,1,1,0,0,0,1,1,0,0,1,1,0,1,0,1,0,0,1,1,0,1,1,0,0,1,0,1,0,0,1,1,0,0,1,0
Fold_110,0,0,1,1,0,0,0,1,0,0,1,0,0,0,0,0,0,0,0,1,0,0,1,1,0,0,0,1,0,0,0,1,0,1,1,0,0,1,1,0,0,0,1,1,0,0,0,0,0,1,1,0,0,0,1,0,0,0,1,1,0,1,1,0,0,0,0,0,0,0,1,1,0,1,0,1,0,1,1,0,0,0,0,1,0,1,0,1,0,1,1,0,0,0,1,1,0,0,0,1,0,0,0,0,0,0,0,1,0,1,0,0,0,0,0,0,0,0,0,1,0,0,1,0,0,0,0,1,0,1,0,1,0,0,0,0,0,0,0,0,0,1,1,0,0,0,1,1,0,0,1,1,0,0,1,1,0,1,0,0,0,1,1,0,0,1,1,0,0,0,1,0
Fold_111,0,0,1,1,0,1,0,1,0,0,1,0,0,0,0,0,0,1,0,0,0,1,0,1,0,1,0,0,0,0,0,1,0,1,1,0,0,1,1,0,0,1,0,1,0,0,1,0,0,0,1,0,0,0,0,0,0,1,0,0,0,0,0,0,0,1,1,0,0,0,1,0,0,1,0,1,0,1,0,1,0,0,1,0,0,1,0,1,0,1,0,0,0,0,1,1,0,0,1,1,0,0,0,0,0,0,0,0,0,0,1,0,0,0,0,0,0,0,0,1,0,0,1,0,0,0,1,1,0,0,0,1,0,1,1,1,0,1,0,0,0,0,1,1,0,0,1,1,0,1,0,0,0,1,1,1,0,0,0,0,0,1,1,0,0,0,0,1,0,1,1,0
Fold_112,0,0,1,1,0,0,0,1,0,0,1,0,0,0,0,0,0,0,0,0,0,1,1,0,0,1,0,0,0,0,0,1,0,1,1,0,0,0,1,0,0,0,1,0,0,0,1,0,0,0,1,0,0,0,0,1,0,0,0,0,0,0,0,0,0,0,0,0,0,0,1,1,0,1,0,0,0,1,0,0,0,0,0,1,0,1,0,0,0,1,1,0,0,0,1,1,0,0,0,0,0,0,1,0,0,0,1,1,0,0,0,0,0,0,0,0,0,1,1,0,0,0,1,0,0,0,1,0,0,0,0,1,0,0,0,1,0,0,0,1,0,0,0,0,0,0,1,1,0,0,1,1,0,0,1,1,0,1,0,0,0,1,1,0,0,0,1,1,0,0,1,1
Fold_113,0,0,0,0,0,0,0,1,0,0,0,0,0,0,0,0,0,0,0,0,0,0,0,0,0,0,0,0,0,0,0,0,0,0,0,0,0,0,0,0,0,0,0,0,0,0,0,0,0,0,0,0,0,0,0,0,0,0,0,0,0,0,0,0,0,0,0,0,0,0,0,0,0,0,0,0,0,0,0,0,0,0,0,0,0,1,0,1,0,0,0,0,0,0,0,0,0,0,0,0,0,0,0,0,0,0,0,0,0,0,0,0,0,0,0,0,0,0,0,0,0,0,1,0,0,0,0,0,0,0,0,0,0,0,0,0,0,0,0,0,0,0,1,0,0,0,0,0,0,0,0,0,0,0,0,0,0,0,0,0,0,0,0,0,0,0,0,0,0,0,0,0
Fold_114,0,1,1,1,0,0,0,0,0,1,1,0,0,0,0,0,0,1,0,0,0,0,0,0,0,1,0,0,0,0,0,0,0,1,1,0,0,0,1,0,0,0,1,0,0,1,0,0,0,0,1,0,0,1,0,0,0,0,0,0,0,0,0,0,0,0,1,0,0,1,0,1,0,1,0,0,0,1,0,0,0,1,1,1,0,1,0,1,0,1,1,0,0,0,1,1,0,1,1,0,0,0,1,0,0,1,0,1,0,0,0,1,0,0,1,0,0,0,0,1,0,0,1,1,0,0,0,1,0,0,0,1,0,0,1,1,0,0,1,0,0,1,1,1,0,0,0,1,0,0,1,1,0,0,1,1,0,1,1,0,0,1,1,0,0,0,0,1,0,0,1,0
Fold_115,0,1,1,1,0,1,0,1,0,0,0,0,0,0,0,1,0,1,0,0,0,0,0,1,0,0,0,1,0,1,0,0,0,0,1,0,0,0,1,0,0,0,0,1,0,1,1,0,0,0,0,1,0,1,0,0,0,0,0,1,0,1,1,0,0,0,0,0,0,0,1,1,0,0,1,0,0,1,0,1,0,0,1,1,0,1,0,0,0,1,1,0,0,0,1,1,0,1,1,0,0,0,0,1,0,0,0,0,0,1,0,0,0,1,0,1,0,1,0,1,0,0,1,0,0,0,1,1,0,0,0,1,0,0,1,1,0,1,1,0,0,1,1,0,0,0,1,1,0,0,1,0,0,0,1,1,0,1,0,1,0,1,1,0,0,0,1,1,0,1,1,1
Fold_116,0,0,1,1,0,0,0,1,0,0,0,0,0,0,0,0,0,0,0,1,0,0,0,0,0,0,0,1,0,0,1,1,0,1,0,1,0,0,1,0,0,0,0,0,0,1,1,0,0,1,1,0,0,0,0,1,0,1,0,0,0,1,1,0,0,0,0,1,0,1,1,1,0,1,0,1,0,0,1,1,0,0,1,1,0,1,0,0,0,1,1,0,0,0,1,1,0,0,0,1,0,0,0,1,0,0,0,1,0,1,0,1,0,0,0,1,0,0,1,1,0,0,1,1,0,0,1,1,0,1,1,1,0,0,1,0,0,0,0,0,0,1,1,0,0,0,1,1,0,1,1,0,0,1,1,0,0,1,0,1,0,0,1,0,0,0,1,1,0,0,1,0
Fold_117,0,0,1,1,0,0,0,1,0,0,1,0,0,0,0,0,0,0,0,1,0,0,0,1,0,1,0,0,0,0,0,0,0,1,1,0,0,0,1,0,0,0,0,1,0,0,1,0,0,0,1,0,0,1,0,0,0,1,1,0,0,0,0,0,0,0,1,0,0,1,1,0,0,1,0,0,0,1,1,0,0,0,0,1,0,1,0,0,0,1,1,0,0,0,1,1,0,0,0,0,0,0,1,0,0,1,0,1,0,0,1,1,0,0,0,0,0,0,1,1,0,0,1,0,0,0,0,0,0,1,0,1,0,0,0,0,0,1,1,0,0,1,1,0,0,0,1,1,0,0,1,1,0,0,1,1,0,1,0,0,0,0,1,0,0,0,0,0,0,0,0,0
Fold_118,0,0,1,1,0,1,0,1,0,1,0,0,0,1,0,0,0,1,0,0,0,1,0,1,0,1,1,0,0,1,1,0,0,1,1,1,0,0,1,0,0,0,0,1,0,1,1,0,0,0,1,0,0,0,0,1,0,0,1,0,0,1,0,1,0,0,0,1,0,0,1,1,0,0,0,1,0,0,1,0,0,0,0,1,0,1,0,0,0,1,1,1,0,1,1,1,0,1,1,0,0,1,1,0,0,1,1,1,0,1,1,0,0,1,0,0,0,1,1,1,0,0,1,0,0,0,1,1,0,0,0,1,0,0,1,0,0,1,0,0,0,0,1,0,0,1,0,1,0,1,0,1,0,1,1,0,0,1,1,0,0,1,1,0,0,1,0,0,0,1,1,1
Fold_119,0,0,0,1,0,0,0,1,0,0,0,0,0,0,0,0,0,0,1,1,0,0,1,0,0,1,0,1,0,0,0,1,0,0,1,0,0,1,0,0,0,0,1,1,0,0,1,0,0,0,1,0,0,0,1,0,0,0,1,1,0,1,0,0,0,0,0,0,0,0,1,1,0,1,0,0,0,0,1,0,0,0,1,1,0,1,0,0,0,1,1,0,0,0,1,1,0,0,1,0,0,0,0,1,0,0,0,1,0,1,0,0,0,0,0,0,0,0,1,1,0,0,1,0,0,1,1,1,0,0,0,1,0,0,1,0,0,0,0,0,0,1,1,0,0,0,1,1,0,1,0,1,0,0,1,1,0,0,0,0,0,1,1,0,0,0,1,1,0,1,1,1
Fold_120,0,1,1,1,0,1,0,1,0,0,0,0,0,0,0,0,0,1,0,0,0,0,0,1,0,1,0,0,0,0,0,1,0,1,1,0,0,0,1,0,0,0,0,0,0,0,0,0,0,0,1,0,0,0,1,0,0,0,0,0,0,0,0,0,0,0,0,1,0,0,1,1,0,0,0,0,0,1,0,1,0,0,0,1,0,0,0,0,0,1,0,0,0,0,1,1,0,0,0,0,0,0,1,0,0,0,0,1,0,0,0,0,0,0,0,0,0,1,0,0,0,0,1,0,0,0,0,0,0,0,0,1,0,0,1,0,0,1,1,0,0,0,1,0,0,0,0,1,0,0,1,1,0,1,0,1,0,1,0,0,0,0,1,0,0,1,1,1,0,1,1,0
Fold_121,0,0,1,1,0,0,0,1,0,1,1,0,0,0,1,0,0,0,0,1,0,0,1,1,0,1,0,0,0,0,0,0,0,1,1,1,0,0,1,0,0,0,0,0,0,1,1,0,0,0,0,1,0,0,1,1,0,1,0,0,0,1,0,0,0,0,0,1,0,0,1,1,0,1,1,1,0,0,1,0,0,0,0,1,0,1,0,0,0,1,1,1,0,0,1,0,0,1,0,0,0,1,1,0,0,1,0,1,0,0,1,0,0,0,0,1,0,0,0,1,0,0,1,0,0,1,1,1,0,1,0,1,0,1,0,0,0,1,1,0,0,1,1,0,0,1,0,1,0,1,1,1,0,0,0,1,0,1,0,0,0,1,1,0,0,1,1,1,0,1,1,1
Fold_122,0,0,0,0,0,0,0,1,0,0,0,0,0,0,0,0,0,0,0,0,0,0,1,0,0,0,0,0,0,0,0,0,0,0,0,0,0,0,0,0,0,0,1,0,0,0,0,0,0,0,0,0,0,1,0,1,0,0,0,0,0,1,0,0,0,0,0,0,0,0,0,0,0,0,0,0,0,0,0,0,0,0,0,1,0,1,0,0,0,0,0,0,0,0,0,0,0,0,0,0,0,0,0,0,0,0,0,1,0,0,0,0,0,0,0,0,0,0,0,0,0,1,1,0,0,0,0,0,0,0,0,0,0,0,0,0,0,0,0,0,0,0,1,1,0,0,0,1,0,0,0,0,0,0,0,0,0,0,0,0,0,0,0,0,0,0,0,0,0,0,1,0
Fold_123,0,0,1,1,0,1,0,1,0,0,0,0,0,1,0,0,0,1,0,0,0,0,1,1,0,0,0,0,0,0,0,1,0,1,1,1,0,1,1,0,0,0,1,0,0,0,1,0,0,0,1,1,0,0,0,0,0,0,0,0,0,1,0,0,0,0,0,1,0,0,1,0,0,0,0,0,0,0,0,0,0,0,1,1,0,1,0,0,0,1,1,0,0,0,1,1,0,0,0,0,0,0,1,0,0,0,0,1,0,0,0,0,0,0,0,1,0,0,1,1,0,0,1,0,0,0,1,0,0,0,1,1,0,0,1,1,0,0,1,0,0,0,1,0,0,0,1,1,0,0,1,1,0,1,1,0,0,1,0,0,0,0,1,0,0,0,0,1,0,0,0,0
Fold_124,0,1,1,0,0,1,0,1,0,0,0,0,0,0,0,0,0,1,0,0,0,0,0,0,0,0,1,1,0,0,0,0,0,1,1,0,0,1,1,0,0,0,1,1,0,1,1,0,0,0,1,0,0,1,1,0,0,1,0,0,0,1,1,0,0,0,1,0,0,0,1,1,0,0,0,0,0,0,0,0,0,1,1,1,0,1,0,1,0,1,1,0,0,0,1,0,0,1,1,0,0,1,0,0,0,0,0,0,0,0,0,0,0,0,0,0,0,0,0,1,0,0,1,0,0,0,0,1,0,1,0,1,0,0,1,0,0,1,1,0,0,1,1,0,0,1,1,1,0,0,1,1,0,0,1,1,0,1,1,0,0,1,1,0,0,1,1,1,0,1,1,0
Fold_125,0,1,1,0,0,0,0,1,0,1,1,0,0,1,0,0,0,0,0,0,0,1,1,1,0,1,0,0,0,0,0,0,0,0,1,0,0,1,1,0,0,1,1,1,0,1,0,0,0,0,0,1,0,0,1,0,0,0,0,0,0,1,0,0,0,0,1,0,0,0,1,1,0,0,1,1,0,1,0,1,0,0,1,0,0,0,0,0,0,1,1,1,0,0,1,0,0,0,0,0,0,0,0,0,0,1,0,0,0,1,0,0,0,0,0,0,0,0,0,1,0,0,1,0,0,0,1,1,0,0,0,1,0,0,1,1,0,1,1,0,0,0,1,0,0,0,1,1,0,1,0,1,0,0,0,0,0,1,0,0,0,1,1,1,0,0,1,1,0,1,1,1
Fold_126,0,0,0,1,0,1,0,1,0,1,1,0,0,1,0,0,0,0,0,0,0,0,0,1,0,1,0,1,0,0,0,1,0,0,0,1,0,0,1,0,0,0,0,1,0,0,0,0,0,1,0,0,0,0,0,1,0,0,0,1,0,1,0,0,0,0,1,0,0,0,1,1,0,1,1,1,0,0,1,0,0,0,1,1,0,1,0,1,0,1,0,0,0,1,1,0,0,1,1,0,0,1,0,1,0,0,0,0,0,1,0,0,0,1,0,1,0,0,1,0,0,0,1,0,0,0,1,0,0,0,1,1,0,1,1,1,0,1,1,0,0,1,1,0,0,0,1,1,0,1,1,1,0,0,1,1,0,1,0,0,0,1,1,1,0,1,1,1,0,1,1,1
Fold_127,0,1,1,1,0,1,0,1,0,0,1,0,0,0,0,0,0,0,1,0,0,1,0,0,0,0,0,1,0,0,0,1,0,0,1,0,0,1,1,0,0,0,1,0,0,0,1,0,0,0,1,0,0,1,1,0,0,0,0,0,0,1,0,0,0,0,0,0,0,1,1,1,0,0,0,0,0,0,0,0,0,0,0,1,0,1,0,0,0,1,1,0,0,0,1,1,0,0,0,0,0,0,0,0,0,1,0,1,0,0,0,0,0,0,0,0,0,1,1,1,0,0,1,0,0,0,0,0,0,0,0,1,0,0,0,0,0,1,1,0,0,0,1,0,0,0,1,1,0,0,0,1,0,0,1,1,0,0,0,0,0,1,1,0,0,1,0,1,0,0,1,0
Fold_128,0,0,1,1,0,0,0,1,0,0,0,1,0,0,0,1,0,0,0,0,0,1,1,1,0,1,0,0,0,0,0,0,0,1,0,1,0,0,1,0,0,0,0,0,0,1,0,0,0,0,1,0,0,0,0,1,0,0,1,1,0,1,0,0,0,0,1,0,0,1,1,0,0,1,0,1,0,1,1,1,0,0,1,1,0,1,0,0,0,1,1,0,0,0,1,1,0,0,0,1,0,0,1,0,0,1,0,1,0,0,1,1,0,0,1,1,0,0,1,1,0,0,1,0,0,0,1,1,0,1,0,1,0,0,1,1,0,1,1,0,0,0,1,0,0,1,0,1,0,0,1,0,0,0,1,1,0,1,1,0,0,0,1,0,0,1,0,0,0,1,1,0
Fold_129,0,0,1,1,0,1,0,1,0,1,1,0,0,0,0,0,0,0,0,0,0,1,1,1,0,1,0,1,0,1,0,1,0,1,0,0,0,1,1,0,0,0,1,1,0,1,1,0,0,1,1,1,0,0,1,0,0,0,1,0,0,1,0,0,0,0,0,1,0,1,1,1,0,1,0,1,0,0,1,1,0,1,1,1,0,1,0,1,0,1,1,0,0,0,1,1,0,0,1,0,0,0,0,0,0,0,0,0,0,0,0,1,0,0,1,0,0,0,0,1,0,0,1,0,0,0,0,1,0,1,0,1,0,0,0,1,0,0,0,0,0,1,0,0,0,0,1,1,0,0,1,1,0,0,0,1,0,0,0,0,0,0,1,0,0,1,1,0,0,1,1,0
Fold_130,0,0,0,0,0,0,0,0,0,0,0,0,0,0,0,0,0,0,0,0,0,0,0,0,0,0,0,0,0,0,0,0,0,1,0,0,0,0,0,0,0,0,0,0,0,0,0,0,0,0,0,0,0,0,0,0,0,0,0,0,0,0,0,0,0,0,0,0,0,0,0,0,0,0,0,1,0,0,0,0,0,0,0,0,0,1,0,0,0,0,0,0,0,0,0,0,0,0,0,0,0,0,0,0,0,0,0,0,0,0,0,1,0,0,0,0,0,0,0,0,0,0,1,0,0,0,0,0,0,0,0,0,0,0,0,0,0,0,0,0,0,0,1,0,0,0,1,0,0,0,0,0,0,0,0,0,0,0,0,0,0,0,0,0,0,0,0,0,0,0,0,0
Fold_131,0,0,1,1,0,0,0,0,0,1,0,0,0,1,1,0,0,0,0,1,0,1,0,1,0,1,0,0,0,0,0,1,0,1,1,0,0,1,1,0,0,1,1,0,0,1,0,0,0,0,1,0,0,0,0,0,0,1,0,0,0,0,0,0,0,0,1,0,0,0,0,1,0,1,0,1,0,1,0,0,0,0,1,1,0,1,0,1,0,1,1,0,0,0,1,1,0,0,0,0,0,1,0,0,0,1,0,0,0,0,0,0,0,0,0,0,0,0,1,1,0,0,1,1,0,1,0,0,0,0,1,1,0,1,1,1,0,0,0,0,0,1,1,1,0,0,1,1,0,0,1,0,0,0,1,1,0,1,0,0,0,1,1,0,0,0,1,1,0,1,1,0
Fold_132,0,1,1,0,0,0,0,0,0,0,1,0,0,1,0,0,0,0,0,1,0,0,1,0,0,0,0,1,0,0,0,0,0,1,1,1,0,1,1,0,0,0,0,0,0,0,0,0,0,1,0,0,0,1,1,0,0,0,1,0,0,1,1,0,0,0,0,0,0,0,1,1,0,0,0,0,0,1,0,0,0,0,0,0,0,1,0,0,0,1,0,0,0,0,1,0,0,1,1,0,0,0,0,0,0,0,0,0,0,0,0,0,0,0,0,0,0,0,0,1,0,0,1,0,0,0,1,0,0,1,0,1,0,0,1,0,0,0,0,0,0,0,1,0,0,0,0,1,0,0,1,1,0,0,1,0,0,1,0,0,0,1,1,0,0,1,0,0,0,1,1,0
Fold_133,0,0,1,1,0,0,0,1,0,0,0,0,0,0,0,0,0,0,0,0,0,1,0,1,0,0,0,1,0,0,0,1,0,1,0,0,0,1,1,0,0,0,1,0,0,0,0,0,0,1,1,0,0,0,0,0,0,0,1,0,0,1,1,0,0,0,1,0,0,0,1,1,0,1,1,1,0,0,1,0,0,0,0,1,0,1,0,0,0,1,1,0,0,1,0,0,0,0,0,1,0,1,0,0,0,0,0,1,0,0,0,0,0,0,0,1,0,0,1,1,0,1,1,1,0,0,1,1,0,0,0,1,0,1,0,0,0,1,1,0,0,1,1,0,0,1,1,1,0,0,1,1,0,0,1,1,0,1,0,0,0,1,1,0,0,0,1,1,0,1,1,0
Fold_134,0,0,1,1,0,0,0,1,0,1,0,0,0,0,0,0,0,0,0,0,0,1,0,1,0,1,0,0,0,0,0,1,0,0,0,1,0,1,1,0,0,0,1,1,0,0,0,0,0,0,0,0,0,0,0,1,0,0,0,0,0,0,0,0,0,0,1,1,0,0,1,1,0,0,0,1,0,1,0,1,0,0,1,1,0,1,0,0,0,1,1,0,0,1,1,1,0,0,0,0,0,0,0,0,0,1,0,0,0,1,0,0,0,0,0,0,0,0,0,1,0,0,1,0,0,0,1,1,0,0,0,1,0,0,1,0,0,1,1,0,0,1,1,0,0,0,0,1,0,0,1,1,0,0,0,1,0,0,0,0,0,1,1,0,0,0,0,1,0,0,1,1
Fold_135,0,0,1,0,0,0,0,1,0,0,0,0,0,0,0,0,0,0,0,0,0,0,0,0,0,0,0,0,0,0,0,0,0,0,1,0,0,0,1,0,0,0,1,1,0,1,0,0,0,0,0,0,0,0,1,1,0,0,0,0,0,1,0,0,0,0,0,1,0,0,1,1,0,1,1,1,0,1,0,0,0,1,1,1,0,1,0,0,0,1,1,1,0,0,1,0,0,0,1,1,0,0,0,0,0,0,0,0,0,0,0,0,0,0,0,0,0,0,1,1,0,0,1,0,0,0,0,1,0,1,0,1,0,0,1,1,0,0,1,1,0,1,1,1,0,0,1,1,0,1,0,0,0,0,1,1,0,1,0,1,0,0,1,0,0,0,1,1,0,1,1,0
Fold_136,0,0,0,1,0,0,0,1,0,1,1,0,0,1,0,0,0,0,0,0,0,0,1,0,0,0,1,1,0,0,0,0,0,0,1,0,0,1,1,0,0,0,0,0,0,1,0,0,0,0,1,0,0,0,1,0,0,1,1,0,0,1,0,0,0,0,1,0,0,0,0,1,0,1,0,1,0,0,1,0,0,0,0,0,0,1,0,1,0,1,1,0,0,0,1,0,0,0,1,0,0,1,0,0,0,1,0,0,0,0,0,0,0,0,0,0,0,0,1,1,0,0,1,0,0,0,1,0,0,0,0,1,0,0,1,0,0,0,0,0,0,0,1,1,0,0,1,1,0,0,1,0,0,0,1,1,0,1,0,0,0,1,1,0,0,0,1,1,0,1,1,0
Fold_137,0,0,0,0,0,0,0,1,0,1,0,1,0,1,1,1,0,1,0,1,0,1,0,1,0,1,1,1,0,0,0,0,0,1,1,0,0,0,1,0,0,1,0,1,0,1,0,0,0,0,0,0,0,1,0,1,0,1,1,1,0,1,0,1,0,0,1,0,0,1,1,1,0,0,1,1,0,1,1,0,0,1,1,0,0,1,0,1,0,1,1,1,0,1,1,1,0,1,1,1,0,1,0,1,0,1,1,1,0,1,0,0,0,0,0,0,0,0,0,1,0,0,1,0,0,1,1,1,0,1,0,1,0,0,1,1,0,0,0,1,0,1,1,1,0,1,1,1,0,0,1,0,0,0,1,1,0,1,1,1,0,1,1,0,0,0,1,0,0,1,1,1
Fold_138,0,1,1,1,0,0,0,1,0,1,1,0,0,0,0,0,0,0,0,0,0,0,0,1,0,1,0,0,0,0,0,1,0,0,0,0,0,1,0,0,0,0,0,1,0,0,1,0,0,1,1,0,0,1,0,1,0,0,1,0,0,1,0,1,0,0,0,0,0,1,0,1,0,1,0,1,0,0,1,0,0,1,1,1,0,1,0,0,0,1,1,0,0,0,1,1,0,0,1,0,0,0,0,1,0,0,0,1,0,0,1,0,0,1,0,1,0,1,1,1,0,0,1,0,0,0,1,1,0,1,1,1,0,0,1,0,0,0,0,0,0,1,1,0,0,0,0,1,0,1,1,0,0,1,1,1,0,1,0,0,0,1,1,1,0,0,1,0,0,1,1,1
Fold_139,0,0,0,1,0,0,0,1,0,1,0,0,0,0,0,0,0,0,0,1,0,1,0,0,0,0,0,0,0,0,1,1,0,1,1,1,0,1,1,0,0,0,1,1,0,0,1,0,0,1,1,0,0,1,0,0,0,1,1,0,0,0,0,1,0,1,1,0,0,0,1,1,0,1,0,1,0,1,1,0,0,0,0,1,0,1,1,1,0,1,1,0,0,0,1,1,0,0,0,0,0,0,0,0,0,1,0,0,0,1,0,1,0,1,0,0,0,0,1,1,0,0,0,1,0,0,0,1,0,1,1,1,0,1,0,0,0,0,0,0,0,1,1,1,0,1,1,1,0,1,1,1,0,0,1,0,0,1,0,0,0,1,1,0,0,0,1,0,0,1,1,1
Fold_140,0,0,1,0,0,1,0,1,0,1,0,1,0,1,0,0,0,0,0,1,0,1,0,1,0,1,1,0,0,0,0,1,0,0,1,0,0,1,0,0,0,1,1,1,0,0,1,0,0,0,1,1,0,0,1,0,0,1,0,1,0,1,0,1,0,0,1,0,0,1,0,0,0,1,0,1,0,1,1,0,0,0,1,0,0,1,0,1,0,1,1,1,0,1,1,1,0,1,0,1,0,0,1,0,0,1,0,1,0,1,0,1,0,1,1,1,0,1,1,1,0,0,1,0,0,1,1,1,0,1,0,1,0,1,1,1,0,0,0,1,0,1,1,0,0,0,0,1,0,1,1,0,0,0,1,1,0,0,1,0,0,0,1,0,0,0,1,0,0,1,0,1
Fold_141,0,1,1,1,0,0,0,1,0,0,0,0,0,0,0,0,0,0,0,1,0,0,0,0,0,0,0,0,0,0,0,0,0,1,1,0,0,0,1,0,0,0,1,0,0,0,0,0,0,0,1,0,0,0,0,0,0,0,0,0,0,1,0,0,0,0,0,0,0,0,1,0,0,0,0,0,0,0,0,0,0,0,0,0,0,0,0,0,0,0,1,0,0,0,1,0,0,0,0,0,0,0,0,0,0,0,0,1,0,0,1,0,0,0,0,1,0,0,1,1,0,0,1,1,0,0,0,0,0,0,0,1,0,0,0,0,0,1,1,0,0,0,1,1,0,1,0,1,0,0,1,1,0,1,0,0,0,1,0,0,0,0,1,0,0,1,1,0,0,0,1,0
Fold_142,0,0,0,1,0,0,0,1,0,1,1,1,0,0,1,0,0,1,0,1,0,0,1,1,0,1,0,1,0,0,0,1,0,1,1,0,0,1,1,0,0,0,0,1,0,1,0,0,0,1,0,0,0,0,0,1,0,0,0,1,0,1,0,1,0,0,0,1,0,0,1,1,0,1,1,1,0,0,1,0,0,0,0,1,0,1,0,0,0,1,1,0,0,0,0,1,0,1,0,0,0,0,0,0,0,0,0,1,0,1,0,0,0,1,1,0,0,0,1,1,0,0,1,0,0,0,1,1,0,0,1,1,0,1,1,0,0,1,1,0,0,1,1,0,0,1,0,1,0,0,1,0,0,1,1,1,0,1,1,1,0,0,1,0,0,1,1,1,0,1,1,1
Fold_143,0,1,1,1,0,1,0,1,0,0,1,0,0,0,0,0,0,0,0,1,0,1,1,1,0,1,1,0,0,0,0,0,0,0,1,1,0,1,1,0,0,0,0,1,0,0,0,0,0,1,0,0,0,0,1,1,0,1,1,1,0,1,1,0,0,1,1,0,0,0,1,0,0,0,1,1,0,0,1,0,0,1,0,0,0,1,0,0,0,1,0,1,0,1,1,1,0,1,1,1,0,1,0,1,0,0,1,0,0,1,0,0,0,0,0,0,0,0,0,1,0,0,1,0,0,0,1,1,0,0,1,1,0,1,1,0,0,1,0,0,0,1,1,0,0,0,1,1,0,0,1,1,0,0,1,1,0,1,0,0,0,1,1,0,0,1,1,1,0,1,1,0
Fold_144,0,1,1,1,0,1,0,1,0,1,1,0,0,0,0,0,0,0,0,1,0,1,1,1,0,0,0,0,0,1,0,1,0,0,0,1,0,0,1,0,0,1,0,1,0,0,1,0,0,1,1,0,0,0,0,0,0,1,1,1,0,1,1,1,0,0,1,0,0,1,1,1,0,0,1,1,0,1,1,1,0,0,0,0,0,1,0,1,0,1,1,0,0,0,0,1,0,0,1,1,0,0,0,0,0,1,0,0,0,1,0,1,0,1,1,1,0,1,0,1,0,0,1,0,0,0,1,1,0,0,1,1,0,0,1,0,0,1,0,0,0,1,1,0,0,0,1,1,0,1,1,0,0,0,0,1,0,1,0,1,0,1,1,0,0,1,1,0,0,1,1,1
Fold_145,0,0,1,1,0,1,0,0,0,0,1,0,0,0,0,0,0,0,0,1,0,0,0,0,0,1,0,0,0,0,0,0,0,1,1,1,0,1,1,0,0,1,1,1,0,0,1,0,0,1,0,0,0,0,1,0,0,1,0,1,0,1,1,0,0,0,1,0,0,1,1,0,0,0,0,1,0,1,1,1,0,0,0,1,0,1,0,1,0,1,1,1,0,0,1,1,0,0,0,0,0,0,0,0,0,1,0,1,0,1,0,1,0,0,0,0,0,0,0,1,0,0,1,0,0,0,1,1,0,1,0,1,0,0,1,0,0,1,1,0,0,1,1,0,0,0,0,0,0,1,1,1,0,0,1,1,0,1,0,0,0,1,0,0,0,1,0,1,0,0,1,0
Fold_146,0,0,0,1,0,0,0,1,0,0,1,0,0,0,0,1,0,0,0,0,0,1,1,1,0,1,0,0,0,0,0,0,0,1,0,0,0,0,1,0,0,0,0,1,0,1,0,0,0,0,0,0,0,0,1,0,0,0,1,0,0,1,0,0,0,0,0,0,0,0,1,1,0,1,0,1,0,0,1,0,0,0,1,1,0,1,0,1,0,1,0,0,0,0,1,1,0,0,1,1,0,0,0,0,0,0,0,0,0,0,0,0,0,0,0,0,0,1,1,1,0,0,1,1,0,1,1,1,0,1,0,1,0,1,1,0,0,1,1,0,0,1,1,1,0,0,1,1,0,0,1,1,0,0,1,1,0,1,0,0,0,1,1,1,0,1,1,1,0,1,1,0
Fold_147,0,0,1,1,0,0,0,1,0,1,0,1,0,0,0,0,0,0,1,0,0,1,0,1,0,1,0,0,0,1,0,1,0,1,0,0,0,1,1,0,0,0,0,1,0,1,1,0,0,0,1,0,0,0,1,1,0,0,0,0,0,1,0,0,0,0,1,1,0,1,0,0,0,1,0,1,0,1,0,1,0,0,1,1,0,1,0,1,0,1,1,0,0,0,1,1,0,1,0,0,0,0,0,1,0,0,0,0,0,0,0,0,0,0,0,1,0,1,0,0,0,0,1,0,0,0,1,1,0,0,0,1,0,0,1,0,0,1,1,0,0,1,1,1,0,0,1,1,0,0,1,1,0,1,1,1,0,1,0,1,0,1,1,0,0,0,1,1,0,1,1,0
Fold_148,0,1,1,1,0,0,0,1,0,0,1,0,0,0,0,1,0,1,0,0,0,1,0,1,0,0,0,0,0,0,0,1,0,0,1,0,0,0,1,0,0,0,1,1,0,0,1,0,0,1,0,0,0,0,1,0,0,1,1,0,0,1,0,1,0,0,1,1,0,1,1,1,0,1,1,1,0,0,1,1,0,1,1,1,0,1,0,0,0,1,1,0,0,0,1,1,0,0,0,0,0,0,0,1,0,1,0,1,0,0,0,1,0,0,0,0,0,0,0,1,0,1,1,1,0,0,1,1,0,1,1,1,0,0,1,1,0,1,0,0,0,1,0,0,0,0,1,1,0,0,1,1,0,1,1,1,0,1,1,0,0,0,1,1,0,0,1,1,0,1,1,1
Fold_149,0,0,1,1,0,1,0,1,0,1,0,0,0,0,0,0,0,0,0,1,0,0,1,0,0,0,0,1,0,0,0,0,0,0,1,1,0,1,1,0,0,0,1,1,0,1,0,0,0,0,1,0,0,0,1,0,0,0,0,0,0,1,0,0,0,0,1,0,0,0,0,0,0,1,0,1,0,1,1,0,0,0,1,1,0,1,0,1,0,1,1,0,0,0,1,0,0,1,0,0,0,0,1,0,0,1,0,1,0,1,0,0,0,1,1,1,0,0,1,1,0,0,1,0,0,0,1,1,0,1,1,1,0,1,1,0,0,1,1,0,0,1,1,1,0,0,0,1,0,0,1,1,0,0,1,1,0,1,0,1,0,1,1,0,0,0,1,1,0,1,1,1
Fold_150,0,0,1,1,0,0,0,1,0,0,0,1,0,0,0,0,0,0,0,0,0,0,1,1,0,1,0,1,0,0,0,1,0,0,0,1,0,0,1,0,0,0,0,1,0,1,1,0,0,0,1,0,0,0,1,0,0,0,1,0,0,1,1,0,0,0,0,0,0,0,1,1,0,0,0,1,0,1,1,0,0,0,0,1,0,1,0,1,0,1,1,0,0,0,0,1,0,0,0,0,0,0,0,0,0,1,0,0,0,0,0,0,0,0,0,0,0,0,1,1,0,0,1,0,0,0,1,0,0,0,1,1,0,0,1,0,0,0,0,0,0,0,1,0,0,1,1,1,0,0,0,1,0,1,1,0,0,1,0,1,0,1,1,0,0,0,0,1,0,1,1,0
Fold_151,0,1,0,1,0,0,0,1,0,1,1,0,0,0,0,0,0,0,0,1,0,0,1,0,0,0,0,1,0,1,0,0,0,0,1,1,0,0,1,0,0,0,1,1,0,0,0,0,0,0,0,1,0,0,1,1,0,1,0,1,0,1,0,0,0,0,1,0,0,1,0,0,0,1,1,1,0,1,1,0,0,0,1,1,0,1,0,0,0,1,1,0,0,1,1,0,0,1,0,0,0,0,0,0,0,1,0,0,0,0,0,0,0,0,0,0,0,0,1,1,0,0,1,0,0,0,0,1,0,1,0,1,0,0,1,0,0,1,0,0,0,1,1,1,0,0,0,1,0,1,0,0,0,0,1,1,0,1,0,0,0,0,1,0,0,0,1,1,0,1,1,0
Fold_152,0,0,1,1,0,0,0,1,0,1,0,0,0,1,0,0,0,0,0,1,0,1,1,1,0,1,0,0,0,0,0,1,0,1,0,1,0,0,1,0,0,1,1,1,0,1,1,0,0,1,1,1,0,0,0,0,0,0,1,0,0,1,1,0,0,0,0,0,0,1,1,0,0,0,0,1,0,0,1,0,0,0,1,1,0,1,1,0,0,1,1,0,0,0,1,1,0,0,1,1,0,0,0,1,0,0,0,0,0,0,0,0,0,0,0,0,0,1,1,1,0,0,1,0,0,0,0,0,0,0,1,1,0,0,1,1,0,1,0,0,0,0,1,0,0,0,1,1,0,1,1,1,0,1,1,1,0,1,0,0,0,1,1,0,0,0,1,0,0,1,1,0
Fold_153,0,0,1,0,0,0,0,1,0,0,1,0,0,0,0,0,0,0,0,0,0,1,0,0,0,0,1,1,0,0,0,1,0,0,0,1,0,1,1,0,0,0,1,1,0,0,1,0,0,0,1,0,0,1,0,0,0,0,1,0,0,1,0,0,0,0,1,0,0,0,1,1,0,1,0,1,0,0,1,0,0,0,1,1,0,1,0,0,0,1,0,0,0,0,1,0,0,1,1,0,0,0,0,0,0,1,0,0,0,0,0,0,0,0,1,0,0,0,1,0,0,0,1,1,0,0,0,1,0,1,0,1,0,0,1,1,0,1,1,0,0,1,1,1,0,0,1,1,0,1,1,1,0,0,1,1,0,1,0,0,0,1,1,0,0,0,1,0,0,1,1,0
Fold_154,0,0,0,1,0,1,0,1,0,1,1,1,0,1,0,0,0,0,0,1,0,1,1,1,0,1,0,1,0,0,0,0,0,0,0,0,0,1,1,0,0,0,1,1,0,0,1,0,0,0,0,0,0,1,0,0,0,1,0,0,0,1,1,1,0,0,1,1,0,0,0,1,0,0,1,1,0,1,1,1,0,0,0,1,0,1,1,1,0,1,1,0,0,0,0,1,0,0,1,1,0,1,0,1,0,1,0,1,0,1,1,1,0,1,0,0,0,1,0,1,0,0,1,0,0,0,0,1,0,1,1,1,0,0,1,1,0,1,0,0,0,1,1,1,0,1,0,1,0,1,1,0,0,0,0,1,0,1,0,1,0,1,1,0,0,1,1,1,0,1,1,1
Fold_155,0,0,1,0,0,0,0,1,0,1,1,1,0,0,0,0,0,0,0,0,0,0,1,1,0,0,0,1,0,0,0,0,0,0,0,1,0,0,1,0,0,0,1,1,0,0,1,0,0,0,1,0,0,1,1,1,0,0,0,0,0,1,0,0,0,0,1,0,0,0,0,1,0,0,1,1,0,1,1,0,0,0,0,0,0,1,0,1,0,1,1,0,0,0,0,0,0,1,0,0,0,0,0,0,0,1,0,0,0,0,0,0,0,0,1,0,0,0,0,1,0,0,1,0,0,0,1,0,0,1,1,1,0,0,0,0,0,1,0,0,0,0,1,0,0,0,0,1,0,0,1,1,0,1,1,1,0,1,0,1,0,1,1,0,0,0,0,1,0,0,1,0
Fold_156,0,0,1,1,0,0,0,1,0,0,0,0,0,0,0,1,0,0,0,0,0,0,0,1,0,1,0,0,0,0,0,1,0,0,1,0,0,1,1,0,0,0,1,1,0,0,1,0,0,0,0,0,0,0,1,1,0,1,1,1,0,0,0,0,0,0,0,0,0,0,1,1,0,1,1,0,0,0,0,0,0,0,1,1,0,1,0,0,0,1,1,0,0,0,1,1,0,0,1,0,0,0,1,1,0,0,0,0,0,0,0,0,0,0,0,0,0,0,1,0,0,0,1,0,0,1,0,0,0,0,0,1,0,0,1,0,0,1,1,0,0,0,0,1,0,0,0,1,0,0,1,0,0,1,1,1,0,0,0,0,0,1,1,0,0,0,1,1,0,1,1,1
Fold_157,0,1,1,1,0,1,0,1,0,1,1,0,0,0,0,0,0,1,1,0,0,1,0,1,0,1,1,0,0,0,0,1,0,1,1,0,0,1,1,0,0,1,0,1,0,0,1,0,0,1,0,0,0,0,0,1,0,1,1,1,0,1,0,1,0,0,0,1,0,1,0,0,0,0,1,1,0,1,0,0,0,0,1,1,0,1,1,0,0,1,1,1,0,0,1,1,0,1,1,1,0,1,0,0,0,0,0,1,0,1,0,1,0,1,0,1,0,1,1,1,0,0,1,0,0,0,1,1,0,1,1,1,0,0,1,1,0,1,0,0,0,1,1,0,0,1,0,1,0,0,1,0,0,1,0,1,0,1,1,0,0,1,0,0,0,1,1,0,0,0,0,1
Fold_158,0,0,0,1,0,0,0,1,0,1,1,0,0,1,0,1,0,0,1,0,0,1,1,1,0,0,0,1,0,0,0,1,0,0,0,0,0,1,1,0,0,1,1,1,0,0,1,0,0,0,0,1,0,1,1,0,0,0,0,1,0,1,0,0,0,0,0,0,0,1,0,1,0,1,1,1,0,1,1,0,0,0,1,1,0,1,0,0,0,1,1,1,0,0,1,1,0,0,0,0,0,1,0,0,0,0,0,0,0,1,0,0,0,0,0,0,0,1,1,1,0,0,1,0,0,0,1,1,0,1,0,1,0,0,0,0,0,1,0,0,0,1,1,0,0,0,1,1,0,1,1,0,0,1,1,1,0,1,0,0,0,1,1,0,0,0,1,1,0,1,1,0
Fold_159,0,1,0,0,0,1,0,1,0,0,0,1,0,1,0,0,0,0,0,1,0,0,1,1,0,0,0,1,0,1,0,0,0,0,0,1,0,1,1,0,0,0,1,1,0,1,0,0,0,0,0,0,0,0,1,1,0,1,0,0,0,1,0,0,0,0,0,0,0,1,0,1,0,0,1,1,0,0,1,1,0,0,1,1,0,1,1,0,0,1,1,0,0,1,1,0,0,1,1,0,0,0,0,1,0,0,0,0,0,0,1,0,0,0,0,1,0,0,0,0,0,0,1,0,0,0,1,1,0,0,0,1,0,0,1,1,0,1,1,0,0,1,1,0,0,0,1,1,0,1,1,1,0,0,1,1,0,1,0,0,0,1,1,0,0,0,1,1,0,1,1,0
Fold_160,0,0,0,1,0,0,0,0,0,1,1,0,0,0,0,0,0,0,1,0,0,0,1,1,0,0,0,1,0,0,0,1,0,1,0,0,0,1,1,0,0,0,1,0,0,1,0,0,0,1,1,1,0,0,1,0,0,0,1,0,0,1,0,0,0,0,0,0,0,0,1,1,0,1,1,1,0,0,1,0,0,0,1,0,0,1,0,0,0,1,1,0,0,0,1,0,0,0,0,0,0,1,0,0,0,0,0,0,0,0,0,0,0,0,1,0,0,0,1,0,0,0,1,0,0,0,1,0,0,0,0,1,0,0,1,0,0,0,0,0,0,0,1,0,0,0,1,1,0,1,1,1,0,1,1,1,0,1,0,0,0,1,1,0,0,1,1,0,0,1,1,0
Fold_161,0,0,1,1,0,0,0,1,0,0,1,0,0,0,0,0,0,1,0,1,0,0,0,1,0,0,0,1,0,0,0,1,0,1,1,0,0,1,1,0,0,0,1,0,0,0,0,0,0,0,0,0,0,1,1,0,0,0,0,0,0,0,0,1,0,0,0,0,0,1,1,1,0,1,1,1,0,1,0,1,0,0,1,1,0,1,0,1,0,1,0,0,0,0,0,1,0,0,0,0,0,0,0,0,0,0,0,1,0,0,0,0,0,0,0,0,0,1,0,0,0,0,1,0,0,0,1,1,0,0,0,1,0,0,0,1,0,1,0,0,0,0,1,1,0,0,1,1,0,0,0,1,0,0,1,1,0,1,0,0,0,1,1,0,0,1,1,1,0,0,1,1
Fold_162,0,1,0,1,0,0,0,0,0,0,0,0,0,0,0,0,0,0,0,1,0,0,1,0,0,0,0,0,0,0,0,1,0,1,0,0,0,0,1,0,0,0,1,0,0,1,0,0,0,0,1,0,0,0,0,0,0,0,0,0,0,1,0,0,0,0,0,0,0,0,0,0,0,0,0,0,0,0,1,0,0,0,0,1,0,1,0,0,0,1,0,0,0,0,0,0,0,0,0,0,0,0,0,0,0,0,0,1,0,0,0,0,0,0,0,0,0,0,1,1,0,0,1,1,0,0,0,0,0,0,1,1,0,0,0,0,0,0,0,0,0,0,1,0,0,0,1,1,0,0,1,1,0,1,0,1,0,1,1,0,0,0,1,0,0,0,1,1,0,1,1,1
Fold_163,0,0,1,1,0,1,0,1,0,0,0,0,0,0,0,1,0,0,0,0,0,0,0,1,0,0,1,0,0,1,0,0,0,1,1,0,0,0,1,0,0,0,0,0,0,1,0,0,0,1,1,0,0,0,1,0,0,1,1,1,0,1,0,0,0,0,0,0,0,0,1,1,0,1,0,1,0,1,1,0,0,0,1,1,0,1,0,1,0,1,1,0,0,0,1,0,0,1,0,1,0,0,0,0,0,0,1,1,0,0,0,0,0,0,1,0,0,0,1,1,0,0,1,1,0,1,0,0,0,1,0,1,0,0,1,0,0,0,1,0,0,1,1,0,0,0,1,1,0,1,1,1,0,0,1,1,0,1,0,0,0,1,1,0,0,0,1,1,0,1,1,1
Fold_164,0,0,0,1,0,1,0,1,0,1,1,0,0,0,0,1,0,0,0,1,0,1,1,0,0,0,0,1,0,0,1,1,0,0,0,0,0,1,1,0,0,0,1,1,0,1,1,0,0,0,0,0,0,1,1,1,0,0,0,0,0,1,0,0,0,1,0,0,0,1,1,1,0,1,1,1,0,0,1,1,0,1,0,0,0,1,1,0,0,1,0,0,0,0,0,1,0,0,1,0,0,1,0,0,0,1,0,0,0,1,1,0,0,0,0,0,0,1,0,1,0,0,1,1,0,0,1,1,0,1,0,1,0,1,1,1,0,1,0,0,0,0,1,0,0,1,1,1,0,0,1,1,0,0,1,1,0,1,0,0,0,0,1,0,0,1,1,1,0,1,1,1
Fold_165,0,0,0,0,0,0,0,1,0,0,0,0,0,0,0,0,0,0,0,0,0,0,0,0,0,0,0,0,0,0,0,0,0,0,0,0,0,0,0,0,0,0,0,0,0,0,0,0,0,0,0,0,0,0,0,0,0,0,0,0,0,0,0,0,0,0,0,0,0,0,0,0,0,0,0,0,0,0,0,0,0,0,0,0,0,0,0,0,0,0,0,0,0,0,0,0,0,0,0,0,0,0,0,0,0,0,0,0,0,0,0,0,0,0,0,0,0,0,0,0,0,0,0,0,0,0,0,0,0,0,0,0,0,0,0,0,0,0,0,0,0,0,1,0,0,0,0,0,0,0,0,0,0,0,0,0,0,0,0,0,0,0,0,0,0,0,0,0,0,0,0,0
Fold_166,0,0,0,1,0,0,0,1,0,0,0,0,0,0,0,0,0,0,1,1,0,0,1,1,0,1,0,1,0,0,0,1,0,1,0,0,0,1,1,0,0,0,1,1,0,0,0,0,0,0,1,0,0,0,1,0,0,0,0,1,0,1,0,0,0,0,0,0,0,0,0,0,0,1,0,1,0,0,1,0,0,0,1,0,0,1,0,0,0,1,1,0,0,0,1,1,0,0,0,1,0,0,0,0,0,0,0,1,0,0,0,0,0,0,0,0,0,0,1,1,0,0,1,0,0,0,1,1,0,0,1,1,0,1,1,1,0,1,1,0,0,0,1,0,0,0,1,1,0,0,1,1,0,1,1,1,0,1,0,0,0,1,1,0,0,1,1,0,0,1,1,0
Fold_167,0,0,1,1,0,0,0,1,0,0,1,0,0,0,0,0,0,0,0,0,0,0,1,0,0,0,0,0,0,0,0,1,0,1,0,1,0,1,1,0,0,0,1,0,0,0,1,0,0,0,1,0,0,0,0,0,0,0,1,0,0,0,0,0,0,0,0,0,0,1,1,1,0,0,0,1,0,0,0,0,0,0,1,1,0,1,0,1,0,1,1,0,0,0,1,0,0,0,0,0,0,0,0,0,0,0,0,0,0,0,0,0,0,0,1,0,0,0,1,0,0,0,1,0,0,0,1,0,0,0,0,1,0,0,1,0,0,1,1,0,0,0,1,0,0,0,0,1,0,0,1,1,0,1,1,0,0,1,0,0,0,0,0,0,0,0,0,1,0,0,1,0
Fold_168,0,0,1,1,0,1,0,1,0,0,0,0,0,0,0,0,0,1,0,1,0,0,0,1,0,0,0,0,0,0,0,0,0,1,1,0,0,0,1,0,0,0,0,1,0,0,0,0,0,1,0,0,0,1,0,0,0,1,0,0,0,1,1,0,0,0,1,1,0,1,1,1,0,1,1,0,0,0,1,1,0,0,1,1,0,1,0,1,0,1,1,0,0,0,1,1,0,0,0,0,0,0,0,1,0,0,0,1,0,1,0,0,0,0,0,1,0,0,1,1,0,0,1,1,0,1,1,1,0,0,1,1,0,0,1,1,0,0,1,0,0,1,1,0,0,0,1,1,0,0,1,0,0,0,1,1,0,1,0,0,0,0,1,0,0,0,0,1,0,1,1,1
Fold_169,0,0,0,1,0,1,0,0,0,1,1,0,0,1,0,1,0,0,0,1,0,1,0,1,0,0,1,1,0,0,0,1,0,1,0,1,0,1,1,0,0,0,1,1,0,1,1,0,0,1,1,1,0,0,0,1,0,1,1,0,0,1,1,1,0,0,0,0,0,0,1,1,0,1,0,1,0,1,1,0,0,1,1,0,0,1,0,1,0,1,1,0,0,0,1,1,0,0,1,1,0,1,1,0,0,1,1,0,0,1,0,1,0,1,0,1,0,1,1,1,0,0,1,0,0,0,1,1,0,1,0,1,0,0,1,0,0,0,1,1,0,1,1,0,0,1,1,1,0,1,0,1,0,1,1,1,0,0,0,1,0,1,0,0,0,1,0,0,0,1,1,1
Fold_170,0,0,0,1,0,0,0,1,0,0,1,0,0,0,0,0,0,0,0,0,0,1,0,1,0,1,0,1,0,0,0,1,0,1,1,0,0,1,1,0,0,0,0,1,0,0,1,0,0,0,1,0,0,0,1,0,0,1,0,0,0,1,0,0,0,0,0,1,0,1,1,0,0,1,0,1,0,1,1,0,0,0,0,1,0,1,0,1,0,1,1,1,0,1,0,1,0,1,0,0,0,0,0,0,0,1,0,0,0,0,0,0,0,0,0,0,0,0,0,1,0,0,1,1,0,0,0,1,0,0,1,1,0,1,1,1,0,1,1,0,0,1,1,0,0,0,1,1,0,1,1,1,0,0,0,1,0,1,0,0,0,1,1,0,0,1,1,0,0,1,1,0
Fold_171,0,1,1,1,0,1,0,1,0,0,1,0,0,0,0,1,0,0,0,1,0,1,0,1,0,0,0,0,0,0,0,0,0,0,0,1,0,1,1,0,0,0,1,1,0,0,1,0,0,1,1,0,0,1,0,0,0,0,0,0,0,1,1,0,0,0,0,1,0,1,1,1,0,1,0,0,0,1,0,1,0,0,1,1,0,1,0,1,0,1,1,0,0,0,1,1,0,1,1,0,0,1,1,1,0,1,0,1,0,1,0,1,0,1,1,1,0,0,0,1,0,0,1,0,0,0,1,0,0,1,1,1,0,0,0,0,0,1,0,0,0,1,1,1,0,0,1,1,0,1,0,1,0,1,1,1,0,1,1,1,0,1,1,0,0,0,1,1,0,1,1,0
Fold_172,0,0,1,1,0,1,0,1,0,1,1,0,0,0,0,0,0,1,0,1,0,1,0,1,0,1,0,0,0,0,0,1,0,0,1,0,0,1,1,0,0,0,1,1,0,0,0,0,0,0,1,0,0,0,1,0,0,0,1,0,0,1,0,1,0,0,1,1,0,1,0,0,0,1,0,1,0,1,0,0,0,0,1,0,0,1,1,0,0,1,1,1,0,0,1,1,0,0,0,1,0,1,0,0,0,1,0,0,0,1,0,0,0,0,0,1,0,0,1,1,0,0,1,1,0,1,1,1,0,0,0,1,0,0,1,1,0,1,1,0,0,1,1,1,0,0,1,1,0,0,1,1,0,0,1,1,0,0,1,0,0,1,0,0,0,1,1,1,0,1,1,0
Fold_173,0,1,0,1,0,1,0,1,0,1,1,0,0,0,1,0,0,1,0,1,0,0,1,1,0,1,0,0,0,1,0,1,0,0,0,1,0,1,1,0,0,0,0,1,0,0,0,0,0,1,1,0,0,0,1,0,0,1,1,0,0,1,0,0,0,0,1,0,0,0,1,1,0,0,0,1,0,0,1,0,0,0,0,1,0,1,0,0,0,1,0,0,0,0,0,1,0,0,1,1,0,0,0,0,0,1,0,0,0,1,0,0,0,0,1,0,0,0,0,0,0,0,1,0,0,0,1,0,0,0,1,1,0,0,0,0,0,1,1,0,0,1,1,0,0,1,0,1,0,1,0,1,0,1,0,1,0,1,0,0,0,1,1,0,0,1,1,1,0,1,1,0
Fold_174,0,0,0,1,0,0,0,1,0,1,1,0,0,0,0,0,0,0,0,0,0,0,1,1,0,0,1,1,0,0,1,0,0,0,0,0,0,1,1,0,0,0,0,1,0,1,1,0,0,0,1,0,0,0,1,0,0,0,0,0,0,0,0,0,0,0,0,0,0,0,0,1,0,1,0,1,0,1,1,0,0,1,0,1,0,1,0,0,0,1,1,0,0,0,1,1,0,0,1,0,0,0,0,0,0,0,0,0,0,0,0,0,0,1,0,0,0,0,1,1,0,0,1,1,0,0,0,1,0,1,1,1,0,1,1,0,0,1,1,0,0,1,1,0,0,0,1,1,0,0,1,1,0,0,1,1,0,1,1,1,0,1,1,0,0,0,1,0,0,1,1,1
Fold_175,0,1,0,1,0,0,0,0,0,1,1,0,0,0,0,0,0,0,0,0,0,1,0,1,0,1,0,1,0,1,0,1,0,1,0,0,0,1,1,0,0,0,1,1,0,1,1,0,0,1,0,0,0,0,0,0,0,1,1,0,0,1,0,0,0,0,1,1,0,1,0,1,0,1,0,1,0,0,1,1,0,0,1,1,0,1,0,1,0,1,1,0,0,0,1,1,0,0,1,1,0,1,0,0,0,1,0,0,0,1,0,0,0,1,1,0,0,0,1,1,0,0,1,0,0,0,0,1,0,1,0,1,0,0,1,1,0,1,1,0,0,1,0,0,0,0,1,1,0,0,1,1,0,0,1,1,0,1,0,0,0,1,1,0,0,1,1,1,0,1,1,0
Fold_176,0,1,1,1,0,1,0,1,0,1,1,0,0,1,0,0,0,1,0,0,0,1,1,1,0,1,0,1,0,0,0,1,0,0,1,0,0,1,1,0,0,0,1,1,0,0,1,0,0,1,0,0,0,0,1,0,0,0,0,1,0,1,1,0,0,0,0,0,0,0,0,1,0,0,1,1,0,0,0,1,0,0,1,0,0,1,1,0,0,1,1,1,0,0,1,1,0,1,1,0,0,0,0,0,0,0,0,0,0,0,0,0,0,0,0,0,0,0,0,1,0,0,1,0,0,0,1,1,0,0,1,1,0,1,1,0,0,1,1,0,0,1,1,0,0,1,1,1,0,0,1,0,0,1,1,1,0,1,1,1,0,0,1,0,0,1,1,0,0,1,1,0
Fold_177,0,0,1,1,0,0,0,1,0,0,1,0,0,0,0,0,0,1,1,0,0,0,1,1,0,0,0,1,0,0,0,0,0,1,0,0,0,0,1,1,0,1,1,1,0,0,0,0,0,1,0,0,0,0,1,0,0,0,1,1,0,1,1,0,0,0,0,0,0,0,1,1,0,1,0,1,0,0,1,0,0,0,0,0,0,1,0,0,0,1,0,0,0,0,1,1,0,1,0,1,0,1,0,0,0,0,0,0,0,0,0,1,0,0,0,1,0,0,1,0,0,0,1,0,0,0,1,0,0,0,0,1,0,1,0,0,0,1,0,0,0,1,1,0,0,0,1,1,0,0,1,1,0,0,1,1,0,1,0,0,0,1,1,0,0,1,1,1,0,1,0,0
Fold_178,0,0,0,0,0,0,0,0,0,0,0,0,0,0,0,0,0,0,0,0,0,0,0,0,0,0,0,0,0,0,0,0,0,0,0,0,0,0,0,0,0,0,0,0,0,0,0,0,0,0,0,0,0,0,0,0,0,0,0,0,0,0,0,0,0,0,0,0,0,0,0,0,0,0,0,0,0,0,0,0,0,0,0,0,0,0,0,0,0,0,0,0,0,0,0,0,0,0,0,0,0,0,0,0,0,0,0,0,0,0,0,0,0,0,0,0,0,0,0,0,0,0,0,0,0,0,0,0,0,0,0,0,0,0,0,0,0,0,0,0,0,0,1,0,0,0,0,0,0,0,0,0,0,0,0,0,0,0,0,0,0,0,0,0,0,0,0,0,0,0,0,0
Fold_179,0,0,0,1,0,1,0,1,0,1,1,0,0,0,0,0,0,1,0,1,0,0,0,1,0,1,0,0,0,0,0,1,0,1,1,0,0,0,1,0,0,1,1,0,0,0,0,0,0,0,1,0,0,1,1,0,0,1,1,0,0,0,0,0,0,0,1,0,0,1,0,1,0,1,0,1,0,1,0,1,0,0,1,0,0,1,1,1,0,1,1,0,0,0,1,1,0,1,1,0,0,1,1,0,0,1,1,1,0,1,1,0,0,1,0,1,0,1,0,1,0,0,1,0,0,0,1,1,0,0,1,1,0,0,1,1,0,0,1,0,0,0,1,1,0,0,0,1,0,0,1,1,0,0,1,1,0,1,1,0,0,0,0,0,0,1,0,1,0,1,1,1
Fold_180,0,1,1,0,0,0,0,1,0,1,1,0,0,0,0,0,0,0,0,1,0,1,1,0,0,0,0,1,0,0,1,1,0,1,1,0,0,0,1,0,0,0,1,1,0,1,0,0,0,0,1,0,0,1,0,0,0,0,1,0,0,1,0,0,0,0,1,0,0,0,0,1,0,0,0,0,0,0,0,0,0,0,0,0,0,1,0,0,0,1,1,0,0,1,1,0,0,0,0,0,0,1,0,0,0,0,0,1,0,0,0,0,0,0,0,0,0,0,0,1,0,0,1,0,0,0,1,0,0,0,0,1,0,0,1,1,0,1,1,0,0,0,1,0,0,0,0,1,0,0,1,1,0,0,1,0,0,1,0,0,0,1,1,0,0,1,0,0,0,1,1,0
Fold_181,0,0,0,1,0,1,0,1,0,1,1,1,0,1,0,0,0,1,0,0,0,1,0,1,0,1,0,1,0,0,0,1,0,1,0,0,0,1,1,0,0,0,0,1,0,1,1,0,0,0,1,0,0,0,0,0,0,0,0,0,0,1,0,1,0,0,1,0,0,1,1,0,0,1,0,1,0,0,0,1,0,0,1,0,0,1,0,1,0,1,1,0,0,0,0,1,0,1,1,1,0,0,0,0,0,0,1,0,0,1,0,1,0,1,0,1,0,1,0,1,0,0,1,0,0,1,1,0,0,0,0,1,0,1,1,1,0,1,0,0,0,1,1,1,0,0,1,1,0,0,1,1,0,0,1,1,0,0,0,1,0,0,0,0,0,1,1,1,0,1,1,0
Fold_182,0,0,0,1,0,0,0,1,0,1,0,0,0,0,0,0,0,0,0,0,0,0,0,1,0,1,1,1,0,0,0,1,0,1,0,0,0,1,1,0,0,0,0,0,0,1,1,0,0,0,1,0,0,0,1,1,0,0,0,0,0,1,1,0,0,0,0,0,0,0,1,1,0,1,0,0,0,1,0,0,0,1,1,1,0,1,0,1,0,1,1,0,0,1,0,1,0,0,0,0,0,0,0,0,0,0,0,0,0,0,0,0,0,0,0,0,0,1,1,1,0,0,1,0,0,0,1,1,0,0,1,1,0,0,1,0,0,1,1,0,0,0,1,0,0,0,1,1,0,0,1,1,0,1,1,1,0,1,1,0,0,1,1,0,0,0,1,1,0,1,1,0
Fold_183,0,0,1,1,0,0,0,1,0,1,1,0,0,0,0,0,0,0,0,0,0,0,1,0,0,1,0,0,0,0,0,0,0,0,1,0,0,1,1,0,0,0,1,1,0,0,1,0,0,0,1,0,0,0,1,0,0,0,1,0,0,1,0,0,0,0,0,0,0,0,0,1,0,1,0,1,0,0,1,0,0,0,1,1,0,0,0,0,0,1,1,0,0,0,1,1,0,1,0,1,0,0,0,1,0,0,0,1,0,0,0,0,0,0,0,1,0,0,1,1,0,0,1,0,0,0,0,1,0,1,0,1,0,0,1,0,0,1,0,0,0,0,1,1,0,0,0,1,0,0,1,1,0,0,0,0,0,1,0,0,0,0,1,0,0,0,0,1,0,1,1,0
Fold_184,0,0,1,1,0,0,0,1,0,1,0,0,0,0,0,0,0,0,0,1,0,1,0,1,0,0,1,1,0,1,0,0,0,1,1,0,0,0,1,0,0,0,0,1,0,0,1,0,0,1,0,0,0,0,0,1,0,1,0,0,0,1,1,1,0,0,0,0,0,1,1,0,0,1,1,1,0,0,0,0,0,0,1,1,0,1,0,1,0,1,1,0,0,0,1,0,0,0,1,1,0,1,0,1,0,1,0,1,0,1,0,1,0,0,1,1,0,1,1,1,0,0,1,1,0,0,1,1,0,1,1,1,0,1,1,0,0,1,1,0,0,1,1,0,0,0,1,1,0,1,1,1,0,0,1,1,0,1,0,0,0,0,1,0,0,0,1,1,0,1,1,0
Fold_185,0,0,1,0,0,1,0,1,0,0,1,0,0,0,0,0,0,0,0,0,0,0,1,0,0,1,0,0,0,0,0,0,0,1,1,0,0,1,1,0,0,0,1,1,0,0,0,0,0,0,1,0,0,1,1,0,0,0,0,0,0,0,0,1,0,0,1,0,0,1,0,1,0,1,0,1,0,1,1,1,0,0,0,0,0,1,0,1,0,1,0,0,0,0,1,1,0,0,1,0,0,1,0,0,0,0,0,0,0,0,1,0,0,0,0,1,0,0,0,1,0,0,1,0,0,0,1,1,0,1,0,1,0,0,1,1,0,1,1,0,0,0,1,0,0,0,0,1,0,0,1,1,0,0,1,1,0,1,0,0,0,1,1,0,0,0,1,0,0,1,1,0
Fold_186,0,1,1,1,0,1,0,1,0,1,0,0,0,0,0,0,0,1,0,0,0,0,0,0,0,1,0,1,0,1,0,0,0,1,0,1,0,0,1,0,0,0,1,1,0,1,1,0,0,1,0,0,0,0,0,1,0,1,1,0,0,1,1,0,0,0,1,1,0,0,0,1,0,1,0,1,0,0,1,1,0,1,1,1,0,1,0,1,0,1,1,1,0,0,1,1,0,0,1,0,0,0,0,0,0,1,0,1,0,1,0,1,0,1,0,1,0,0,0,1,0,0,1,1,0,0,0,1,0,1,1,1,0,0,1,0,0,0,0,0,0,1,1,0,0,0,0,1,0,1,1,0,0,0,0,1,0,1,1,0,0,1,1,0,0,1,1,1,0,1,1,0
Fold_187,0,0,1,0,0,0,0,0,0,0,0,0,0,0,0,0,0,0,0,1,0,0,1,0,0,1,0,0,0,0,0,1,0,1,0,1,0,0,1,0,0,0,0,0,0,0,0,0,0,1,0,0,0,0,1,0,0,0,1,0,0,1,0,0,0,0,0,0,0,0,0,0,0,1,0,0,0,0,1,0,0,0,0,0,0,1,0,0,0,1,0,0,0,0,1,0,0,0,0,0,0,1,1,0,0,0,0,1,0,0,0,0,0,1,1,1,0,0,1,0,0,0,1,0,0,0,0,0,0,0,0,1,0,0,1,0,0,0,0,0,0,0,1,1,0,0,1,1,0,0,0,1,0,0,0,0,0,1,0,1,0,0,1,0,0,0,0,0,0,0,0,0
Fold_188,0,0,0,1,0,0,0,1,0,1,0,0,0,0,0,1,0,1,0,1,0,1,0,1,0,1,0,1,0,1,0,1,0,1,0,0,0,1,0,0,0,0,0,1,0,1,1,0,0,0,0,1,0,1,0,1,0,1,1,1,0,1,1,1,0,0,1,1,0,1,1,1,0,0,0,1,0,0,1,1,0,0,0,1,0,1,0,1,0,1,1,1,0,0,0,1,0,0,1,1,0,1,0,1,0,1,0,0,0,1,0,1,0,1,1,1,0,0,0,1,0,0,1,0,0,1,1,1,0,1,0,1,0,1,1,0,0,1,1,1,0,1,1,0,0,0,1,1,0,0,1,0,0,0,1,1,0,0,1,0,0,1,1,0,0,1,1,1,0,0,1,1
Fold_189,0,1,1,1,0,1,0,1,0,1,1,0,0,0,0,1,0,0,0,0,0,1,0,1,0,1,1,0,0,0,0,1,0,1,0,0,0,1,1,0,0,0,0,1,0,1,0,0,0,1,1,0,0,0,1,0,0,0,1,1,0,1,0,0,0,0,1,0,0,1,1,0,0,1,0,1,0,1,1,0,0,1,1,0,0,1,0,1,0,1,1,0,0,0,1,1,0,0,1,0,0,0,0,0,0,0,0,0,0,1,0,0,0,0,0,1,0,0,0,1,0,0,1,0,0,0,1,1,0,1,0,1,0,0,1,1,0,1,0,0,0,1,1,0,0,0,1,1,0,1,1,1,0,0,1,1,0,1,0,1,0,1,1,0,0,0,1,0,0,1,1,0
Fold_190,0,0,1,0,0,0,0,1,0,0,0,0,0,0,0,0,0,0,0,0,0,1,1,1,0,0,1,1,0,0,0,1,0,1,0,0,0,0,1,0,0,0,1,1,0,0,1,0,0,1,1,0,0,1,1,0,0,1,0,1,0,1,1,0,0,0,1,0,0,1,1,1,0,1,1,0,0,0,0,1,0,1,1,1,0,1,0,1,0,1,1,0,0,1,1,0,0,0,0,1,0,1,0,0,0,1,0,1,0,0,1,1,0,0,0,1,0,0,0,1,0,0,1,1,0,0,1,1,0,1,1,1,0,0,1,1,0,0,0,0,0,1,1,0,0,0,1,1,0,0,1,0,0,0,1,1,0,1,0,1,0,1,1,0,0,1,0,1,0,1,1,1
Fold_191,0,0,0,1,0,1,0,1,0,1,0,0,0,0,0,0,0,1,0,0,0,0,0,0,0,1,0,1,0,0,0,0,0,1,0,0,0,1,1,0,0,0,1,1,0,0,0,0,0,0,1,0,0,0,1,0,0,0,0,0,0,1,0,0,0,0,1,0,0,0,0,0,0,0,0,1,0,0,0,0,0,0,1,0,0,1,1,1,0,1,0,0,0,0,1,1,0,1,1,0,0,0,0,0,0,0,0,1,0,0,0,0,0,0,0,0,0,0,0,1,0,1,1,0,0,1,1,1,0,0,1,1,0,0,1,1,0,1,1,0,0,1,0,0,0,0,0,1,0,1,1,1,0,0,1,1,0,0,1,0,0,1,1,0,0,1,0,1,0,0,1,0
Fold_192,0,0,0,0,0,0,0,0,0,0,0,0,0,0,0,0,0,0,0,0,0,0,0,0,0,0,0,0,0,0,0,0,0,0,0,0,0,0,0,0,0,0,0,0,0,0,0,0,0,0,0,0,0,1,0,0,0,0,0,0,0,0,0,0,0,0,0,0,0,0,0,0,0,0,0,0,0,0,0,0,0,0,0,0,0,0,0,0,0,0,0,0,0,0,0,0,0,0,0,0,0,0,0,0,0,0,0,0,0,0,0,0,0,0,0,0,0,0,0,0,0,0,0,0,0,0,0,0,0,0,0,0,0,0,0,0,0,0,0,0,0,0,0,0,0,0,0,0,0,0,0,0,0,0,0,0,0,0,0,0,0,0,0,0,0,0,0,0,0,0,0,0
Fold_193,0,1,1,1,0,1,0,1,0,0,1,0,0,1,0,0,0,0,0,1,0,0,1,1,0,1,0,0,0,1,0,0,0,1,0,1,0,1,1,0,0,0,1,1,0,0,0,0,0,1,0,0,0,0,1,0,0,0,1,1,0,1,0,0,0,0,1,0,0,0,1,0,0,0,1,1,0,0,1,1,0,0,1,0,0,1,1,1,0,1,0,1,0,0,1,1,0,1,1,0,0,1,0,0,0,1,0,1,0,1,0,0,0,0,0,1,0,0,1,1,0,0,1,0,0,0,1,1,0,1,0,1,0,1,1,0,0,1,1,0,0,1,1,0,0,0,0,1,0,0,1,1,0,0,1,1,0,1,0,0,0,1,0,0,0,1,0,1,0,1,1,0
Fold_194,0,0,1,1,0,1,0,1,0,0,0,0,0,0,0,0,0,0,0,1,0,1,0,1,0,1,0,0,0,0,0,0,0,1,1,0,0,0,1,0,0,0,1,0,0,1,1,0,0,1,1,0,0,0,0,0,0,1,0,0,0,1,0,0,0,0,0,0,0,0,0,0,0,1,1,1,0,0,1,1,0,0,0,1,0,1,0,1,0,1,1,0,0,0,0,1,0,0,0,1,0,0,1,0,0,0,0,1,0,1,0,0,0,0,0,1,0,1,1,1,0,0,1,1,0,0,0,0,0,1,1,1,0,1,1,1,0,0,0,0,0,1,1,0,0,1,1,1,0,0,1,1,0,1,0,1,0,1,0,0,0,0,1,0,0,0,1,0,0,1,1,1
Fold_195,0,0,0,1,0,0,0,1,0,1,1,0,0,1,0,0,0,0,0,1,0,0,1,0,0,1,0,0,0,0,0,1,0,1,1,1,0,1,1,0,0,0,0,1,0,1,0,0,0,0,0,1,0,0,0,1,0,1,0,0,0,1,0,1,0,0,0,1,0,1,1,0,0,1,0,1,0,1,1,1,0,0,0,1,0,1,0,1,0,1,1,0,0,0,0,1,0,0,1,1,0,0,0,0,0,1,0,0,0,0,0,0,0,1,0,1,0,0,1,1,0,0,1,0,0,0,1,1,0,1,1,1,0,1,1,0,0,1,0,0,0,0,1,0,0,0,0,1,0,0,1,1,0,1,1,1,0,1,0,0,0,1,1,0,0,0,1,0,0,1,1,1
Fold_196,0,1,1,0,0,1,0,1,0,1,1,0,0,1,0,0,0,0,0,0,0,1,0,1,0,1,0,1,0,0,0,0,0,1,0,0,0,1,1,0,0,1,0,1,0,1,1,0,0,1,1,0,0,0,1,1,0,1,1,1,0,1,1,0,0,0,0,0,0,0,0,0,0,1,0,1,0,1,1,1,0,0,1,1,0,1,0,1,0,1,1,1,0,0,1,0,0,0,0,0,0,0,0,0,0,1,0,0,0,1,0,1,0,1,0,0,0,0,1,1,0,0,1,1,0,0,1,1,0,1,0,1,0,0,1,0,0,0,1,0,0,1,1,1,0,0,1,1,0,1,1,0,0,1,1,1,0,1,0,0,0,1,1,0,0,0,1,1,0,1,1,0
Fold_197,0,0,0,1,0,1,0,1,0,0,1,0,0,1,0,0,0,0,1,0,0,0,0,0,0,1,0,1,0,1,0,1,0,1,0,0,0,0,1,0,0,0,1,0,0,1,1,0,0,0,1,0,0,0,1,1,0,0,0,0,0,1,0,0,0,0,0,1,0,0,0,0,0,0,0,1,0,0,0,1,0,0,1,0,0,1,0,1,0,1,1,0,0,0,0,1,0,0,0,0,0,0,0,0,0,0,0,0,0,0,0,0,0,0,0,0,0,1,0,1,0,0,1,0,0,0,1,1,0,0,0,1,0,1,1,1,0,1,1,0,0,0,1,1,0,0,0,1,0,0,1,1,0,1,1,1,0,1,0,0,0,0,1,0,0,0,0,1,0,1,1,0
Fold_198,0,1,0,1,0,0,0,1,0,0,1,0,0,0,0,0,0,0,1,1,0,0,1,1,0,0,0,1,0,0,0,1,0,0,1,0,0,0,1,0,0,0,1,0,0,1,0,0,0,0,0,0,0,0,1,0,0,0,1,0,0,1,0,0,0,0,0,0,0,1,0,0,0,1,1,1,0,0,1,0,0,0,1,1,0,1,0,0,0,1,1,0,0,0,1,0,0,0,0,1,0,0,0,0,0,0,0,1,0,0,0,1,0,0,0,0,0,0,1,1,0,0,1,0,0,0,0,0,0,0,0,1,0,0,1,0,0,1,0,0,0,0,1,1,0,0,0,1,0,0,1,1,0,0,1,0,0,1,0,0,0,0,1,0,0,0,0,0,0,1,1,1
Fold_199,0,0,1,1,0,0,0,1,0,1,1,0,0,1,0,0,0,1,0,1,0,1,0,1,0,1,1,0,0,1,0,1,0,1,1,0,0,0,1,0,0,0,1,1,0,0,1,0,0,1,1,1,0,0,0,1,0,1,0,0,0,1,1,0,0,0,0,0,0,0,1,1,0,1,0,1,0,0,1,1,0,0,1,1,0,1,0,1,0,1,1,0,0,1,1,1,0,0,1,1,0,1,0,0,0,1,1,0,0,1,0,0,0,1,1,1,0,1,0,1,0,0,1,0,0,0,1,1,0,1,1,1,0,0,1,0,0,1,1,1,0,1,1,0,0,0,1,1,0,0,1,0,0,0,1,1,0,1,0,0,0,1,1,0,0,0,1,1,0,1,1,1
Fold_200,0,1,1,1,0,1,0,1,0,0,0,0,0,0,0,0,0,1,0,1,0,1,0,1,0,0,0,0,0,0,1,0,0,1,0,1,0,0,1,0,0,0,1,1,0,1,1,0,0,1,0,0,0,1,1,0,0,0,0,0,0,1,1,1,0,0,0,0,0,0,1,1,0,0,0,0,0,0,0,0,0,1,1,1,0,1,0,0,0,1,1,0,0,0,1,1,0,0,0,0,0,1,0,0,0,0,0,1,0,1,0,1,0,0,0,1,0,1,1,1,0,0,1,1,0,0,0,1,0,1,1,1,0,0,0,0,0,0,0,0,0,1,1,0,0,0,1,1,0,0,1,1,0,0,1,0,0,1,0,0,0,1,1,0,0,0,1,1,0,1,1,0
