,{'C': 0.01},{'C': 0.12},{'C': 0.23},{'C': 0.34},{'C': 0.45},{'C': 0.56},{'C': 0.67},{'C': 0.78},{'C': 0.89},{'C': 1.0}
CD4_T_cells_FoxP3+_glandfront_ERa,0.0,0.035,0.05,0.065,0.06,0.065,0.075,0.075,0.075,0.075
CD4_T_cells_FoxP3+_glandfront_PR,0.0,0.01,0.025,0.035,0.035,0.035,0.035,0.035,0.04,0.04
CD4_T_cells_FoxP3+_glandfront_pP38,0.0,0.0,0.02,0.02,0.02,0.02,0.02,0.015,0.015,0.02
CD4_T_cells_FoxP3+_glandfront_VEGF,0.0,0.0,0.015,0.02,0.025,0.025,0.02,0.02,0.02,0.025
CD4_T_cells_FoxP3+_glandfront_GranzymeB,0.0,0.015,0.015,0.015,0.015,0.015,0.015,0.015,0.015,0.015
CD4_T_cells_FoxP3+_glandfront_Ki67,0.0,0.0,0.0,0.0,0.0,0.0,0.0,0.0,0.0,0.0
CD4_T_cells_FoxP3+_glandfront_TIM3,0.0,0.005,0.01,0.01,0.015,0.015,0.015,0.015,0.015,0.015
CD4_T_cells_FoxP3+_glandfront_HLA-DR,0.0,0.0,0.0,0.0,0.0,0.0,0.0,0.0,0.0,0.0
CD4_T_cells_FoxP3+_stromal_ERa,0.0,0.01,0.015,0.02,0.02,0.02,0.02,0.02,0.02,0.02
CD4_T_cells_FoxP3+_stromal_PR,0.0,0.035,0.055,0.065,0.065,0.065,0.065,0.065,0.065,0.07
CD4_T_cells_FoxP3+_stromal_pP38,0.0,0.0,0.0,0.0,0.005,0.005,0.005,0.005,0.005,0.005
CD4_T_cells_FoxP3+_stromal_VEGF,0.0,0.0,0.005,0.01,0.01,0.01,0.01,0.01,0.01,0.01
CD4_T_cells_FoxP3+_stromal_GranzymeB,0.0,0.0,0.0,0.0,0.005,0.005,0.005,0.005,0.005,0.005
CD4_T_cells_FoxP3+_stromal_Ki67,0.0,0.0,0.0,0.005,0.005,0.005,0.005,0.01,0.01,0.01
CD4_T_cells_FoxP3+_stromal_HLA-DR,0.0,0.0,0.0,0.0,0.005,0.005,0.005,0.005,0.005,0.01
CD8_T_cells_FoxP3+_glandfront_ERa,0.0,0.0,0.0,0.005,0.005,0.005,0.005,0.005,0.005,0.005
CD8_T_cells_FoxP3+_glandfront_PR,0.0,0.0,0.0,0.0,0.0,0.0,0.0,0.0,0.0,0.0
CD8_T_cells_FoxP3+_glandfront_pP38,0.0,0.02,0.085,0.095,0.105,0.11,0.11,0.105,0.11,0.115
CD8_T_cells_FoxP3+_glandfront_VEGF,0.0,0.0,0.0,0.0,0.0,0.0,0.0,0.0,0.0,0.0
CD8_T_cells_FoxP3+_glandfront_GranzymeB,0.0,0.0,0.0,0.0,0.0,0.0,0.0,0.0,0.0,0.0
CD8_T_cells_FoxP3+_glandfront_Ki67,0.0,0.0,0.005,0.005,0.005,0.005,0.005,0.005,0.005,0.01
CD8_T_cells_FoxP3+_glandfront_TIM3,0.0,0.0,0.0,0.0,0.0,0.0,0.0,0.0,0.0,0.0
CD8_T_cells_FoxP3+_glandfront_HLA-DR,0.0,0.0,0.0,0.0,0.0,0.0,0.0,0.0,0.0,0.0
CD8_T_cells_FoxP3+_intragland_ERa,0.0,0.0,0.01,0.01,0.01,0.01,0.015,0.02,0.015,0.015
CD8_T_cells_FoxP3+_intragland_PR,0.0,0.0,0.005,0.01,0.01,0.01,0.01,0.01,0.01,0.01
CD8_T_cells_FoxP3+_intragland_VEGF,0.0,0.0,0.0,0.0,0.0,0.0,0.0,0.0,0.0,0.0
CD8_T_cells_FoxP3+_intragland_GranzymeB,0.0,0.0,0.0,0.0,0.0,0.0,0.0,0.0,0.0,0.0
CD8_T_cells_FoxP3+_intragland_HLA-DR,0.0,0.01,0.02,0.025,0.02,0.02,0.02,0.02,0.025,0.02
CD8_T_cells_FoxP3+_stromal_ERa,0.0,0.0,0.0,0.0,0.0,0.0,0.0,0.0,0.0,0.0
CD8_T_cells_FoxP3+_stromal_PR,0.0,0.0,0.0,0.0,0.0,0.0,0.0,0.0,0.0,0.0
CD8_T_cells_FoxP3+_stromal_pP38,0.0,0.0,0.0,0.0,0.0,0.0,0.0,0.0,0.0,0.0
CD8_T_cells_FoxP3+_stromal_VEGF,0.0,0.0,0.0,0.0,0.0,0.0,0.0,0.0,0.0,0.0
CD8_T_cells_FoxP3+_stromal_GranzymeB,0.0,0.0,0.005,0.005,0.005,0.01,0.01,0.01,0.01,0.005
CD8_T_cells_FoxP3+_stromal_Ki67,0.0,0.0,0.005,0.005,0.005,0.005,0.005,0.005,0.005,0.005
CD8_T_cells_FoxP3+_stromal_HLA-DR,0.0,0.0,0.0,0.0,0.0,0.005,0.005,0.005,0.005,0.005
CD4_T_cells_HLA-DR+_glandfront_ERa,0.0,0.0,0.0,0.005,0.01,0.01,0.01,0.01,0.015,0.015
CD4_T_cells_HLA-DR+_glandfront_PR,0.0,0.0,0.0,0.0,0.0,0.0,0.0,0.0,0.0,0.0
CD4_T_cells_HLA-DR+_glandfront_pP38,0.0,0.0,0.005,0.01,0.015,0.015,0.015,0.015,0.015,0.015
CD4_T_cells_HLA-DR+_glandfront_VEGF,0.0,0.0,0.025,0.035,0.04,0.055,0.065,0.065,0.065,0.06
CD4_T_cells_HLA-DR+_glandfront_GranzymeB,0.0,0.0,0.0,0.0,0.0,0.0,0.0,0.0,0.0,0.0
CD4_T_cells_HLA-DR+_glandfront_Ki67,0.0,0.0,0.01,0.01,0.01,0.01,0.01,0.01,0.01,0.01
CD4_T_cells_HLA-DR+_glandfront_TIM3,0.0,0.0,0.0,0.005,0.005,0.005,0.005,0.005,0.005,0.005
CD4_T_cells_HLA-DR+_glandfront_HLA-DR,0.0,0.005,0.005,0.005,0.005,0.005,0.005,0.005,0.005,0.005
CD4_T_cells_HLA-DR+_stromal_ERa,0.0,0.065,0.06,0.03,0.04,0.04,0.04,0.045,0.05,0.05
CD4_T_cells_HLA-DR+_stromal_PR,0.0,0.06,0.09,0.08,0.07,0.07,0.075,0.075,0.065,0.07
CD4_T_cells_HLA-DR+_stromal_pP38,0.0,0.01,0.01,0.015,0.02,0.02,0.02,0.02,0.02,0.02
CD4_T_cells_HLA-DR+_stromal_VEGF,0.0,0.0,0.005,0.005,0.005,0.005,0.0,0.0,0.0,0.005
CD4_T_cells_HLA-DR+_stromal_GranzymeB,0.0,0.03,0.03,0.035,0.04,0.04,0.04,0.04,0.04,0.04
CD4_T_cells_HLA-DR+_stromal_Ki67,0.0,0.07,0.06,0.06,0.08,0.08,0.08,0.08,0.085,0.085
CD4_T_cells_HLA-DR+_stromal_TIM3,0.0,0.02,0.04,0.05,0.05,0.05,0.05,0.05,0.05,0.05
CD4_T_cells_HLA-DR+_stromal_HLA-DR,0.0,0.015,0.02,0.02,0.02,0.02,0.02,0.02,0.02,0.015
CD8_T_cells_HLA-DR+_glandfront_ERa,0.0,0.005,0.025,0.03,0.03,0.03,0.03,0.03,0.03,0.03
CD8_T_cells_HLA-DR+_glandfront_PR,0.0,0.0,0.0,0.0,0.0,0.0,0.005,0.005,0.005,0.01
CD8_T_cells_HLA-DR+_glandfront_pP38,0.0,0.015,0.085,0.095,0.105,0.105,0.11,0.105,0.105,0.105
CD8_T_cells_HLA-DR+_glandfront_VEGF,0.0,0.0,0.0,0.0,0.0,0.0,0.0,0.005,0.005,0.005
CD8_T_cells_HLA-DR+_glandfront_GranzymeB,0.0,0.0,0.0,0.0,0.0,0.0,0.0,0.0,0.0,0.0
CD8_T_cells_HLA-DR+_glandfront_Ki67,0.0,0.0,0.0,0.0,0.005,0.005,0.005,0.005,0.005,0.005
CD8_T_cells_HLA-DR+_glandfront_TIM3,0.0,0.015,0.04,0.04,0.035,0.04,0.04,0.04,0.045,0.045
CD8_T_cells_HLA-DR+_glandfront_HLA-DR,0.0,0.0,0.0,0.0,0.0,0.0,0.0,0.0,0.0,0.0
CD8_T_cells_HLA-DR+_intragland_ERa,0.0,0.0,0.0,0.005,0.01,0.005,0.005,0.005,0.005,0.005
CD8_T_cells_HLA-DR+_intragland_PR,0.0,0.0,0.01,0.01,0.01,0.01,0.01,0.015,0.015,0.015
CD8_T_cells_HLA-DR+_intragland_VEGF,0.0,0.02,0.03,0.05,0.055,0.06,0.06,0.06,0.055,0.06
CD8_T_cells_HLA-DR+_intragland_GranzymeB,0.0,0.02,0.08,0.075,0.08,0.08,0.085,0.09,0.085,0.085
CD8_T_cells_HLA-DR+_intragland_HLA-DR,0.0,0.0,0.01,0.01,0.015,0.015,0.015,0.015,0.02,0.02
CD8_T_cells_HLA-DR+_stromal_ERa,0.0,0.0,0.0,0.0,0.0,0.0,0.0,0.0,0.0,0.0
CD8_T_cells_HLA-DR+_stromal_PR,0.0,0.0,0.0,0.0,0.0,0.0,0.0,0.0,0.0,0.0
CD8_T_cells_HLA-DR+_stromal_pP38,0.0,0.0,0.0,0.0,0.0,0.0,0.0,0.0,0.0,0.0
CD8_T_cells_HLA-DR+_stromal_VEGF,0.0,0.0,0.0,0.0,0.0,0.0,0.0,0.0,0.0,0.005
CD8_T_cells_HLA-DR+_stromal_GranzymeB,0.0,0.005,0.0,0.0,0.0,0.0,0.0,0.0,0.0,0.0
CD8_T_cells_HLA-DR+_stromal_Ki67,0.0,0.035,0.045,0.055,0.06,0.06,0.065,0.065,0.065,0.06
CD8_T_cells_HLA-DR+_stromal_TIM3,0.0,0.0,0.0,0.0,0.0,0.01,0.01,0.01,0.01,0.01
CD8_T_cells_HLA-DR+_stromal_HLA-DR,0.0,0.0,0.0,0.005,0.005,0.0,0.0,0.0,0.0,0.0
CD4_T_cells_CD80_CD86+_glandfront_ERa,0.0,0.0,0.025,0.025,0.025,0.02,0.02,0.02,0.02,0.025
CD4_T_cells_CD80_CD86+_glandfront_PR,0.0,0.0,0.0,0.0,0.0,0.0,0.0,0.005,0.005,0.005
CD4_T_cells_CD80_CD86+_glandfront_pP38,0.0,0.005,0.005,0.005,0.005,0.005,0.005,0.005,0.005,0.005
CD4_T_cells_CD80_CD86+_glandfront_VEGF,0.0,0.01,0.015,0.005,0.005,0.005,0.005,0.005,0.005,0.005
CD4_T_cells_CD80_CD86+_glandfront_GranzymeB,0.0,0.0,0.0,0.0,0.0,0.01,0.01,0.01,0.01,0.01
CD4_T_cells_CD80_CD86+_glandfront_Ki67,0.0,0.02,0.035,0.045,0.055,0.06,0.065,0.065,0.065,0.065
CD4_T_cells_CD80_CD86+_glandfront_HLA-DR,0.0,0.005,0.005,0.005,0.005,0.005,0.005,0.005,0.005,0.005
CD4_T_cells_CD80_CD86+_intragland_ERa,0.0,0.005,0.01,0.005,0.005,0.005,0.005,0.005,0.005,0.005
CD4_T_cells_CD80_CD86+_intragland_PR,0.0,0.0,0.005,0.005,0.005,0.005,0.005,0.005,0.005,0.01
CD4_T_cells_CD80_CD86+_intragland_pP38,0.0,0.005,0.01,0.01,0.01,0.01,0.01,0.01,0.01,0.01
CD4_T_cells_CD80_CD86+_intragland_VEGF,0.0,0.0,0.0,0.0,0.0,0.005,0.005,0.01,0.01,0.01
CD4_T_cells_CD80_CD86+_intragland_GranzymeB,0.0,0.0,0.025,0.025,0.025,0.035,0.035,0.035,0.035,0.035
CD4_T_cells_CD80_CD86+_intragland_Ki67,0.0,0.0,0.04,0.065,0.07,0.075,0.08,0.08,0.08,0.09
CD4_T_cells_CD80_CD86+_stromal_ERa,0.0,0.005,0.015,0.03,0.035,0.035,0.035,0.035,0.035,0.035
CD4_T_cells_CD80_CD86+_stromal_PR,0.0,0.0,0.0,0.0,0.0,0.0,0.0,0.0,0.0,0.0
CD4_T_cells_CD80_CD86+_stromal_pP38,0.0,0.0,0.0,0.0,0.0,0.0,0.0,0.0,0.0,0.0
CD4_T_cells_CD80_CD86+_stromal_VEGF,0.0,0.01,0.01,0.01,0.01,0.01,0.01,0.01,0.01,0.01
CD4_T_cells_CD80_CD86+_stromal_GranzymeB,0.0,0.0,0.0,0.005,0.01,0.01,0.01,0.01,0.015,0.015
CD4_T_cells_CD80_CD86+_stromal_Ki67,0.0,0.045,0.07,0.065,0.065,0.065,0.065,0.065,0.07,0.07
CD4_T_cells_CD80_CD86+_stromal_HLA-DR,0.0,0.005,0.015,0.02,0.025,0.04,0.04,0.04,0.04,0.04
CD8_T_cells_CD80_CD86+_glandfront_ERa,0.0,0.0,0.0,0.0,0.0,0.0,0.0,0.0,0.0,0.0
CD8_T_cells_CD80_CD86+_glandfront_PR,0.0,0.0,0.0,0.0,0.0,0.0,0.0,0.0,0.0,0.0
CD8_T_cells_CD80_CD86+_glandfront_pP38,0.0,0.005,0.005,0.005,0.005,0.005,0.005,0.01,0.01,0.01
CD8_T_cells_CD80_CD86+_glandfront_VEGF,0.0,0.015,0.045,0.05,0.06,0.065,0.065,0.06,0.06,0.065
CD8_T_cells_CD80_CD86+_glandfront_GranzymeB,0.0,0.0,0.0,0.0,0.0,0.0,0.0,0.0,0.0,0.0
CD8_T_cells_CD80_CD86+_glandfront_Ki67,0.0,0.0,0.0,0.0,0.0,0.0,0.0,0.0,0.0,0.0
CD8_T_cells_CD80_CD86+_glandfront_HLA-DR,0.0,0.0,0.0,0.0,0.0,0.0,0.0,0.0,0.0,0.0
CD8_T_cells_CD80_CD86+_intragland_ERa,0.0,0.05,0.095,0.095,0.1,0.105,0.105,0.105,0.115,0.11
CD8_T_cells_CD80_CD86+_intragland_PR,0.0,0.015,0.03,0.035,0.045,0.04,0.045,0.04,0.04,0.045
CD8_T_cells_CD80_CD86+_intragland_pP38,0.0,0.005,0.005,0.015,0.015,0.015,0.015,0.015,0.015,0.015
CD8_T_cells_CD80_CD86+_intragland_VEGF,0.0,0.0,0.0,0.0,0.0,0.005,0.005,0.005,0.005,0.005
CD8_T_cells_CD80_CD86+_intragland_GranzymeB,0.0,0.0,0.005,0.01,0.01,0.015,0.015,0.015,0.015,0.015
CD8_T_cells_CD80_CD86+_intragland_Ki67,0.0,0.0,0.0,0.0,0.0,0.0,0.005,0.005,0.005,0.005
CD8_T_cells_CD80_CD86+_intragland_HLA-DR,0.0,0.0,0.0,0.0,0.0,0.0,0.0,0.0,0.0,0.0
CD8_T_cells_CD80_CD86+_stromal_ERa,0.0,0.005,0.015,0.015,0.015,0.015,0.015,0.015,0.015,0.015
CD8_T_cells_CD80_CD86+_stromal_PR,0.0,0.0,0.0,0.0,0.0,0.0,0.0,0.0,0.0,0.0
CD8_T_cells_CD80_CD86+_stromal_pP38,0.0,0.0,0.0,0.0,0.0,0.0,0.0,0.0,0.0,0.0
CD8_T_cells_CD80_CD86+_stromal_VEGF,0.0,0.0,0.0,0.0,0.0,0.0,0.0,0.0,0.0,0.0
CD8_T_cells_CD80_CD86+_stromal_GranzymeB,0.0,0.01,0.015,0.015,0.02,0.02,0.02,0.02,0.02,0.02
CD8_T_cells_CD80_CD86+_stromal_Ki67,0.0,0.0,0.005,0.005,0.005,0.005,0.005,0.005,0.005,0.005
CD8_T_cells_CD80_CD86+_stromal_HLA-DR,0.0,0.025,0.015,0.035,0.04,0.035,0.035,0.025,0.03,0.03
CD4_T_cells_CD11b+_glandfront_ERa,0.0,0.005,0.01,0.01,0.02,0.02,0.02,0.02,0.02,0.02
CD4_T_cells_CD11b+_glandfront_PR,0.0,0.01,0.03,0.035,0.04,0.04,0.045,0.045,0.045,0.045
CD4_T_cells_CD11b+_glandfront_pP38,0.0,0.0,0.0,0.005,0.005,0.005,0.005,0.005,0.005,0.005
CD4_T_cells_CD11b+_glandfront_VEGF,0.0,0.015,0.015,0.015,0.015,0.015,0.015,0.015,0.015,0.015
CD4_T_cells_CD11b+_glandfront_GranzymeB,0.0,0.0,0.005,0.005,0.005,0.005,0.005,0.005,0.005,0.005
CD4_T_cells_CD11b+_glandfront_Ki67,0.0,0.025,0.03,0.02,0.015,0.025,0.025,0.025,0.02,0.025
CD4_T_cells_CD11b+_glandfront_TIM3,0.0,0.0,0.005,0.01,0.01,0.01,0.01,0.01,0.01,0.01
CD4_T_cells_CD11b+_glandfront_HLA-DR,0.0,0.0,0.0,0.0,0.0,0.005,0.005,0.005,0.005,0.005
CD4_T_cells_CD11b+_intragland_ERa,0.0,0.02,0.05,0.055,0.05,0.05,0.055,0.05,0.055,0.06
CD4_T_cells_CD11b+_intragland_PR,0.0,0.0,0.02,0.03,0.045,0.045,0.045,0.05,0.05,0.05
CD4_T_cells_CD11b+_intragland_GranzymeB,0.0,0.0,0.015,0.025,0.03,0.035,0.045,0.04,0.035,0.045
CD4_T_cells_CD11b+_stromal_ERa,0.0,0.005,0.005,0.005,0.005,0.005,0.005,0.005,0.005,0.005
CD4_T_cells_CD11b+_stromal_PR,0.0,0.015,0.015,0.01,0.01,0.015,0.01,0.015,0.015,0.015
CD4_T_cells_CD11b+_stromal_pP38,0.0,0.0,0.0,0.0,0.005,0.005,0.005,0.005,0.005,0.005
CD4_T_cells_CD11b+_stromal_VEGF,0.0,0.01,0.01,0.02,0.02,0.02,0.02,0.02,0.02,0.02
CD4_T_cells_CD11b+_stromal_GranzymeB,0.0,0.03,0.02,0.025,0.03,0.03,0.03,0.03,0.03,0.035
CD4_T_cells_CD11b+_stromal_Ki67,0.0,0.03,0.035,0.025,0.03,0.03,0.03,0.03,0.02,0.03
CD4_T_cells_CD11b+_stromal_TIM3,0.0,0.0,0.02,0.025,0.025,0.025,0.02,0.02,0.02,0.02
CD4_T_cells_CD11b+_stromal_HLA-DR,0.0,0.035,0.04,0.05,0.05,0.05,0.045,0.035,0.035,0.04
CD8_T_cells_CD11b+_glandfront_ERa,0.0,0.0,0.0,0.0,0.0,0.0,0.005,0.005,0.005,0.005
CD8_T_cells_CD11b+_glandfront_PR,0.0,0.005,0.005,0.005,0.005,0.005,0.005,0.005,0.005,0.01
CD8_T_cells_CD11b+_glandfront_pP38,0.0,0.0,0.0,0.005,0.005,0.005,0.005,0.005,0.005,0.015
CD8_T_cells_CD11b+_glandfront_VEGF,0.0,0.0,0.0,0.0,0.0,0.0,0.0,0.0,0.0,0.0
CD8_T_cells_CD11b+_glandfront_GranzymeB,0.0,0.0,0.0,0.005,0.005,0.005,0.005,0.005,0.005,0.005
CD8_T_cells_CD11b+_glandfront_Ki67,0.0,0.0,0.0,0.0,0.0,0.0,0.0,0.0,0.0,0.0
CD8_T_cells_CD11b+_glandfront_HLA-DR,0.0,0.005,0.025,0.025,0.03,0.03,0.03,0.03,0.035,0.035
CD8_T_cells_CD11b+_intragland_ERa,0.0,0.0,0.075,0.105,0.12,0.125,0.13,0.12,0.125,0.115
CD8_T_cells_CD11b+_intragland_PR,0.0,0.0,0.07,0.095,0.12,0.125,0.125,0.135,0.12,0.13
CD8_T_cells_CD11b+_intragland_GranzymeB,0.0,0.0,0.075,0.1,0.125,0.13,0.13,0.13,0.1,0.115
CD8_T_cells_CD11b+_stromal_ERa,0.0,0.0,0.0,0.0,0.0,0.0,0.0,0.0,0.0,0.0
CD8_T_cells_CD11b+_stromal_PR,0.0,0.0,0.02,0.025,0.03,0.035,0.04,0.04,0.04,0.04
CD8_T_cells_CD11b+_stromal_pP38,0.0,0.005,0.025,0.04,0.045,0.05,0.05,0.055,0.055,0.06
CD8_T_cells_CD11b+_stromal_VEGF,0.0,0.0,0.0,0.0,0.0,0.005,0.005,0.005,0.0,0.005
CD8_T_cells_CD11b+_stromal_GranzymeB,0.0,0.0,0.0,0.0,0.0,0.0,0.0,0.0,0.0,0.0
CD8_T_cells_CD11b+_stromal_Ki67,0.0,0.0,0.01,0.02,0.025,0.025,0.03,0.03,0.03,0.035
CD8_T_cells_CD11b+_stromal_TIM3,0.0,0.005,0.115,0.155,0.17,0.18,0.19,0.19,0.19,0.185
CD8_T_cells_CD11b+_stromal_HLA-DR,0.0,0.0,0.0,0.0,0.0,0.0,0.0,0.0,0.0,0.0
Stroma_mesenchymal_glandfront_ERa,0.0,0.0,0.0,0.005,0.005,0.005,0.005,0.005,0.005,0.005
Stroma_mesenchymal_glandfront_PR,0.0,0.0,0.0,0.0,0.0,0.0,0.0,0.0,0.0,0.0
Stroma_mesenchymal_glandfront_pP38,0.0,0.0,0.0,0.0,0.0,0.0,0.0,0.0,0.0,0.0
Stroma_mesenchymal_glandfront_VEGF,0.0,0.0,0.0,0.0,0.0,0.0,0.0,0.0,0.0,0.0
Stroma_mesenchymal_glandfront_GranzymeB,0.0,0.025,0.03,0.035,0.035,0.03,0.035,0.04,0.04,0.04
Stroma_mesenchymal_glandfront_Ki67,0.0,0.015,0.02,0.02,0.025,0.025,0.025,0.025,0.025,0.025
Stroma_mesenchymal_glandfront_HLA-DR,0.0,0.0,0.0,0.0,0.0,0.0,0.0,0.0,0.0,0.0
Stroma_mesenchymal_stromal_ERa,0.0,0.0,0.0,0.0,0.0,0.0,0.0,0.0,0.0,0.0
Stroma_mesenchymal_stromal_PR,0.0,0.0,0.0,0.0,0.0,0.0,0.0,0.0,0.0,0.0
Stroma_mesenchymal_stromal_pP38,0.0,0.0,0.0,0.0,0.0,0.0,0.0,0.0,0.0,0.0
Stroma_mesenchymal_stromal_VEGF,0.0,0.0,0.0,0.0,0.0,0.0,0.0,0.0,0.0,0.0
Stroma_mesenchymal_stromal_GranzymeB,0.0,0.0,0.0,0.0,0.0,0.0,0.0,0.0,0.0,0.0
Stroma_mesenchymal_stromal_Ki67,0.0,0.0,0.0,0.0,0.0,0.0,0.0,0.0,0.0,0.0
Stroma_mesenchymal_stromal_HLA-DR,0.0,0.0,0.0,0.0,0.0,0.0,0.0,0.0,0.0,0.0
Stroma_vascular_endothelium_glandfront_ERa,0.0,0.0,0.0,0.0,0.01,0.015,0.015,0.015,0.015,0.015
Stroma_vascular_endothelium_glandfront_PR,0.0,0.0,0.0,0.0,0.005,0.005,0.01,0.01,0.01,0.01
Stroma_vascular_endothelium_glandfront_pP38,0.0,0.0,0.0,0.0,0.0,0.0,0.0,0.0,0.0,0.005
Stroma_vascular_endothelium_glandfront_VEGF,0.0,0.0,0.0,0.0,0.0,0.0,0.0,0.0,0.0,0.0
Stroma_vascular_endothelium_glandfront_GranzymeB,0.0,0.015,0.045,0.06,0.06,0.065,0.08,0.075,0.08,0.09
Stroma_vascular_endothelium_glandfront_Ki67,0.0,0.37,0.39,0.38,0.375,0.37,0.365,0.365,0.385,0.38
Stroma_vascular_endothelium_glandfront_HLA-DR,0.0,0.0,0.0,0.0,0.0,0.0,0.0,0.0,0.0,0.0
Stroma_vascular_endothelium_stromal_ERa,0.0,0.005,0.0,0.0,0.0,0.0,0.0,0.0,0.0,0.0
Stroma_vascular_endothelium_stromal_PR,0.0,0.0,0.0,0.0,0.0,0.0,0.0,0.0,0.0,0.0
Stroma_vascular_endothelium_stromal_pP38,0.0,0.0,0.0,0.0,0.0,0.0,0.0,0.0,0.0,0.0
Stroma_vascular_endothelium_stromal_VEGF,0.0,0.0,0.0,0.0,0.0,0.0,0.0,0.0,0.0,0.0
Stroma_vascular_endothelium_stromal_GranzymeB,0.0,0.03,0.03,0.035,0.04,0.035,0.035,0.04,0.035,0.03
Stroma_vascular_endothelium_stromal_Ki67,0.0,0.095,0.09,0.09,0.075,0.08,0.085,0.085,0.08,0.075
Stroma_vascular_endothelium_stromal_HLA-DR,0.0,0.0,0.0,0.0,0.0,0.0,0.0,0.0,0.0,0.0
Stroma_fibroblast_glandfront_ERa,0.0,0.0,0.0,0.0,0.0,0.0,0.0,0.0,0.0,0.0
Stroma_fibroblast_glandfront_PR,0.0,0.0,0.0,0.0,0.0,0.0,0.0,0.0,0.0,0.0
Stroma_fibroblast_glandfront_pP38,0.0,0.0,0.0,0.0,0.0,0.0,0.0,0.0,0.0,0.0
Stroma_fibroblast_glandfront_VEGF,0.0,0.0,0.0,0.0,0.005,0.005,0.005,0.005,0.005,0.005
Stroma_fibroblast_glandfront_GranzymeB,0.0,0.015,0.02,0.035,0.055,0.055,0.055,0.055,0.055,0.055
Stroma_fibroblast_glandfront_Ki67,0.0,0.145,0.165,0.17,0.16,0.16,0.165,0.17,0.165,0.17
Stroma_fibroblast_glandfront_HLA-DR,0.0,0.0,0.0,0.0,0.0,0.0,0.0,0.0,0.0,0.0
Stroma_fibroblast_stromal_ERa,0.0,0.01,0.005,0.005,0.005,0.005,0.005,0.01,0.005,0.01
Stroma_fibroblast_stromal_PR,0.0,0.0,0.0,0.0,0.0,0.0,0.0,0.0,0.0,0.0
Stroma_fibroblast_stromal_pP38,0.0,0.0,0.0,0.0,0.0,0.0,0.0,0.0,0.0,0.0
Stroma_fibroblast_stromal_VEGF,0.0,0.0,0.0,0.0,0.0,0.0,0.0,0.0,0.0,0.0
Stroma_fibroblast_stromal_GranzymeB,0.0,0.095,0.09,0.095,0.1,0.1,0.11,0.105,0.115,0.105
Stroma_fibroblast_stromal_Ki67,0.0,0.0,0.005,0.005,0.01,0.005,0.01,0.005,0.01,0.01
Stroma_fibroblast_stromal_HLA-DR,0.0,0.0,0.0,0.0,0.0,0.0,0.0,0.0,0.0,0.0
NK_cells_CD56brCD16-_glandfront_ERa,0.0,0.0,0.0,0.0,0.0,0.0,0.0,0.0,0.0,0.0
NK_cells_CD56brCD16-_glandfront_PR,0.0,0.0,0.0,0.0,0.0,0.0,0.0,0.0,0.0,0.0
NK_cells_CD56brCD16-_glandfront_pP38,0.0,0.01,0.025,0.04,0.045,0.05,0.045,0.05,0.045,0.05
NK_cells_CD56brCD16-_glandfront_VEGF,0.0,0.0,0.0,0.0,0.0,0.0,0.0,0.0,0.0,0.0
NK_cells_CD56brCD16-_glandfront_GranzymeB,0.0,0.0,0.0,0.0,0.0,0.0,0.0,0.0,0.0,0.0
NK_cells_CD56brCD16-_glandfront_Ki67,0.0,0.0,0.0,0.0,0.005,0.005,0.005,0.005,0.005,0.005
NK_cells_CD56brCD16-_glandfront_TIM3,0.0,0.0,0.005,0.01,0.01,0.01,0.01,0.01,0.01,0.01
NK_cells_CD56brCD16-_glandfront_HLA-DR,0.0,0.0,0.0,0.0,0.0,0.0,0.0,0.0,0.0,0.0
NK_cells_CD56brCD16-_stromal_ERa,0.0,0.01,0.01,0.02,0.02,0.025,0.025,0.025,0.025,0.03
NK_cells_CD56brCD16-_stromal_PR,0.0,0.02,0.045,0.06,0.065,0.065,0.065,0.065,0.065,0.07
NK_cells_CD56brCD16-_stromal_pP38,0.0,0.0,0.0,0.0,0.0,0.0,0.0,0.0,0.0,0.0
NK_cells_CD56brCD16-_stromal_VEGF,0.0,0.0,0.0,0.0,0.0,0.0,0.0,0.0,0.0,0.0
NK_cells_CD56brCD16-_stromal_GranzymeB,0.0,0.04,0.055,0.05,0.055,0.06,0.065,0.07,0.07,0.075
NK_cells_CD56brCD16-_stromal_Ki67,0.0,0.0,0.0,0.0,0.0,0.0,0.0,0.0,0.0,0.0
NK_cells_CD56brCD16-_stromal_HLA-DR,0.0,0.115,0.13,0.135,0.145,0.145,0.155,0.155,0.155,0.155
NK_cells_CD56dimCD16+_glandfront_ERa,0.0,0.0,0.0,0.005,0.005,0.005,0.005,0.01,0.01,0.01
NK_cells_CD56dimCD16+_glandfront_PR,0.0,0.01,0.015,0.02,0.03,0.03,0.035,0.035,0.04,0.04
NK_cells_CD56dimCD16+_glandfront_pP38,0.0,0.01,0.035,0.045,0.055,0.06,0.055,0.06,0.06,0.06
NK_cells_CD56dimCD16+_glandfront_VEGF,0.0,0.0,0.0,0.0,0.0,0.0,0.0,0.0,0.0,0.0
NK_cells_CD56dimCD16+_glandfront_GranzymeB,0.0,0.0,0.01,0.01,0.01,0.01,0.015,0.015,0.015,0.015
NK_cells_CD56dimCD16+_glandfront_Ki67,0.0,0.0,0.015,0.02,0.02,0.025,0.025,0.025,0.025,0.025
NK_cells_CD56dimCD16+_glandfront_TIM3,0.0,0.0,0.0,0.005,0.005,0.005,0.005,0.005,0.005,0.005
NK_cells_CD56dimCD16+_glandfront_HLA-DR,0.0,0.0,0.0,0.0,0.0,0.0,0.0,0.0,0.0,0.0
NK_cells_CD56dimCD16+_intragland_ERa,0.0,0.0,0.0,0.0,0.0,0.0,0.0,0.0,0.0,0.0
NK_cells_CD56dimCD16+_intragland_PR,0.0,0.0,0.01,0.03,0.03,0.03,0.03,0.03,0.03,0.025
NK_cells_CD56dimCD16+_intragland_pP38,0.0,0.0,0.0,0.0,0.005,0.005,0.005,0.005,0.01,0.01
NK_cells_CD56dimCD16+_intragland_VEGF,0.0,0.0,0.0,0.0,0.0,0.0,0.0,0.0,0.0,0.0
NK_cells_CD56dimCD16+_intragland_GranzymeB,0.0,0.0,0.0,0.005,0.005,0.0,0.005,0.0,0.005,0.0
NK_cells_CD56dimCD16+_intragland_Ki67,0.0,0.0,0.0,0.0,0.0,0.0,0.0,0.0,0.0,0.0
NK_cells_CD56dimCD16+_intragland_TIM3,0.0,0.0,0.0,0.0,0.0,0.0,0.0,0.0,0.0,0.0
NK_cells_CD56dimCD16+_intragland_HLA-DR,0.0,0.0,0.0,0.0,0.0,0.0,0.0,0.0,0.0,0.0
NK_cells_CD56dimCD16+_stromal_ERa,0.0,0.0,0.0,0.0,0.0,0.0,0.0,0.0,0.0,0.0
NK_cells_CD56dimCD16+_stromal_PR,0.0,0.0,0.0,0.0,0.0,0.0,0.0,0.0,0.0,0.0
NK_cells_CD56dimCD16+_stromal_pP38,0.0,0.0,0.0,0.0,0.0,0.0,0.0,0.0,0.0,0.0
NK_cells_CD56dimCD16+_stromal_VEGF,0.0,0.0,0.0,0.0,0.0,0.0,0.0,0.0,0.0,0.0
NK_cells_CD56dimCD16+_stromal_GranzymeB,0.0,0.0,0.0,0.0,0.0,0.0,0.0,0.0,0.0,0.0
NK_cells_CD56dimCD16+_stromal_Ki67,0.0,0.0,0.0,0.0,0.0,0.0,0.0,0.0,0.0,0.0
NK_cells_CD56dimCD16+_stromal_TIM3,0.0,0.0,0.0,0.0,0.0,0.0,0.0,0.0,0.0,0.0
NK_cells_CD56dimCD16+_stromal_HLA-DR,0.0,0.0,0.0,0.0,0.0,0.0,0.0,0.0,0.0,0.0
NK_cells_CD56brCD16-NKG2AhiTIM3hi_stromal_ERa,0.0,0.0,0.005,0.005,0.005,0.005,0.005,0.005,0.005,0.005
NK_cells_CD56brCD16-NKG2AhiTIM3hi_stromal_PR,0.0,0.02,0.025,0.02,0.02,0.02,0.02,0.02,0.015,0.02
NK_cells_CD56brCD16-NKG2AhiTIM3hi_stromal_pP38,0.0,0.0,0.0,0.0,0.0,0.0,0.0,0.0,0.0,0.0
NK_cells_CD56brCD16-NKG2AhiTIM3hi_stromal_VEGF,0.0,0.005,0.0,0.0,0.0,0.0,0.0,0.0,0.0,0.0
NK_cells_CD56brCD16-NKG2AhiTIM3hi_stromal_GranzymeB,0.0,0.005,0.025,0.025,0.025,0.025,0.025,0.025,0.025,0.025
NK_cells_CD56brCD16-NKG2AhiTIM3hi_stromal_Ki67,0.0,0.0,0.0,0.0,0.0,0.0,0.0,0.0,0.0,0.0
NK_cells_CD56brCD16-NKG2AhiTIM3hi_stromal_TIM3,0.0,0.015,0.04,0.05,0.065,0.07,0.07,0.075,0.075,0.07
NK_cells_CD56brCD16-NKG2AhiTIM3hi_stromal_HLA-DR,0.0,0.1,0.145,0.16,0.15,0.15,0.15,0.155,0.155,0.155
NK_cells_CD56brCD16-TIM3hi_glandfront_ERa,0.0,0.0,0.0,0.0,0.0,0.0,0.0,0.0,0.0,0.005
NK_cells_CD56brCD16-TIM3hi_glandfront_PR,0.0,0.0,0.005,0.01,0.01,0.015,0.015,0.02,0.015,0.015
NK_cells_CD56brCD16-TIM3hi_glandfront_pP38,0.0,0.04,0.105,0.11,0.11,0.11,0.11,0.115,0.12,0.115
NK_cells_CD56brCD16-TIM3hi_glandfront_VEGF,0.0,0.0,0.0,0.0,0.0,0.005,0.005,0.005,0.005,0.005
NK_cells_CD56brCD16-TIM3hi_glandfront_GranzymeB,0.0,0.0,0.0,0.0,0.0,0.0,0.0,0.0,0.0,0.0
NK_cells_CD56brCD16-TIM3hi_glandfront_Ki67,0.0,0.0,0.0,0.005,0.005,0.005,0.0,0.0,0.0,0.005
NK_cells_CD56brCD16-TIM3hi_glandfront_TIM3,0.0,0.0,0.0,0.0,0.0,0.0,0.0,0.0,0.0,0.0
NK_cells_CD56brCD16-TIM3hi_glandfront_HLA-DR,0.0,0.0,0.005,0.005,0.005,0.005,0.005,0.005,0.01,0.01
NK_cells_CD56brCD16-TIM3hi_stromal_ERa,0.0,0.0,0.0,0.0,0.0,0.0,0.0,0.0,0.0,0.0
NK_cells_CD56brCD16-TIM3hi_stromal_PR,0.0,0.0,0.0,0.0,0.0,0.0,0.01,0.01,0.015,0.015
NK_cells_CD56brCD16-TIM3hi_stromal_pP38,0.0,0.0,0.0,0.0,0.0,0.0,0.0,0.0,0.005,0.005
NK_cells_CD56brCD16-TIM3hi_stromal_VEGF,0.0,0.0,0.0,0.0,0.0,0.0,0.0,0.0,0.0,0.0
NK_cells_CD56brCD16-TIM3hi_stromal_GranzymeB,0.0,0.0,0.0,0.005,0.01,0.01,0.01,0.015,0.015,0.015
NK_cells_CD56brCD16-TIM3hi_stromal_Ki67,0.0,0.0,0.0,0.0,0.0,0.0,0.0,0.0,0.0,0.0
NK_cells_CD56brCD16-TIM3hi_stromal_TIM3,0.0,0.015,0.015,0.015,0.02,0.02,0.02,0.02,0.02,0.02
NK_cells_CD56brCD16-TIM3hi_stromal_HLA-DR,0.0,0.0,0.0,0.0,0.0,0.0,0.0,0.0,0.0,0.0
NK_cells_CD56dimCD16+CD9hi_glandfront_ERa,0.0,0.0,0.0,0.0,0.0,0.005,0.005,0.005,0.005,0.005
NK_cells_CD56dimCD16+CD9hi_glandfront_PR,0.0,0.0,0.0,0.0,0.0,0.0,0.0,0.0,0.0,0.0
NK_cells_CD56dimCD16+CD9hi_glandfront_pP38,0.0,0.0,0.0,0.0,0.0,0.0,0.0,0.0,0.0,0.0
NK_cells_CD56dimCD16+CD9hi_glandfront_VEGF,0.0,0.0,0.0,0.0,0.0,0.0,0.0,0.0,0.0,0.0
NK_cells_CD56dimCD16+CD9hi_glandfront_GranzymeB,0.0,0.0,0.005,0.015,0.02,0.02,0.02,0.02,0.02,0.02
NK_cells_CD56dimCD16+CD9hi_glandfront_Ki67,0.0,0.015,0.015,0.015,0.015,0.015,0.015,0.02,0.02,0.02
NK_cells_CD56dimCD16+CD9hi_glandfront_HLA-DR,0.0,0.0,0.0,0.0,0.0,0.0,0.0,0.0,0.0,0.0
NK_cells_CD56dimCD16+CD9hi_intragland_ERa,0.0,0.015,0.06,0.055,0.07,0.07,0.07,0.07,0.07,0.08
NK_cells_CD56dimCD16+CD9hi_intragland_PR,0.0,0.0,0.005,0.02,0.025,0.03,0.03,0.03,0.03,0.03
NK_cells_CD56dimCD16+CD9hi_intragland_pP38,0.0,0.005,0.025,0.03,0.035,0.035,0.035,0.035,0.035,0.035
NK_cells_CD56dimCD16+CD9hi_intragland_VEGF,0.0,0.005,0.015,0.015,0.015,0.02,0.02,0.02,0.015,0.015
NK_cells_CD56dimCD16+CD9hi_intragland_GranzymeB,0.0,0.055,0.09,0.085,0.09,0.09,0.095,0.105,0.11,0.11
NK_cells_CD56dimCD16+CD9hi_intragland_Ki67,0.0,0.0,0.0,0.015,0.015,0.005,0.005,0.005,0.01,0.005
NK_cells_CD56dimCD16+CD9hi_intragland_HLA-DR,0.0,0.025,0.04,0.045,0.045,0.045,0.05,0.045,0.045,0.05
NK_cells_CD56dimCD16+CD9hi_stromal_ERa,0.0,0.0,0.0,0.0,0.0,0.0,0.0,0.0,0.0,0.0
NK_cells_CD56dimCD16+CD9hi_stromal_PR,0.0,0.0,0.0,0.0,0.0,0.0,0.0,0.0,0.0,0.0
NK_cells_CD56dimCD16+CD9hi_stromal_pP38,0.0,0.0,0.0,0.0,0.0,0.0,0.0,0.0,0.0,0.0
NK_cells_CD56dimCD16+CD9hi_stromal_VEGF,0.0,0.0,0.0,0.0,0.0,0.0,0.0,0.0,0.0,0.0
NK_cells_CD56dimCD16+CD9hi_stromal_GranzymeB,0.0,0.01,0.005,0.015,0.02,0.02,0.025,0.03,0.03,0.035
NK_cells_CD56dimCD16+CD9hi_stromal_Ki67,0.0,0.0,0.0,0.0,0.0,0.0,0.0,0.0,0.0,0.0
NK_cells_CD56dimCD16+CD9hi_stromal_NKG2C,0.0,0.22,0.34,0.34,0.335,0.32,0.31,0.31,0.305,0.305
NK_cells_CD56dimCD16+CD9hi_stromal_HLA-DR,0.0,0.0,0.0,0.0,0.0,0.0,0.0,0.0,0.0,0.0
NK_cells_CD56brCD16-CD9hi_glandfront_ERa,0.0,0.005,0.005,0.005,0.0,0.0,0.0,0.0,0.0,0.0
NK_cells_CD56brCD16-CD9hi_glandfront_PR,0.0,0.0,0.0,0.0,0.0,0.0,0.0,0.0,0.0,0.0
NK_cells_CD56brCD16-CD9hi_glandfront_pP38,0.0,0.0,0.005,0.02,0.025,0.025,0.02,0.02,0.025,0.02
NK_cells_CD56brCD16-CD9hi_glandfront_VEGF,0.0,0.0,0.0,0.0,0.0,0.0,0.0,0.0,0.0,0.0
NK_cells_CD56brCD16-CD9hi_glandfront_GranzymeB,0.0,0.02,0.035,0.035,0.04,0.04,0.04,0.04,0.05,0.045
NK_cells_CD56brCD16-CD9hi_glandfront_Ki67,0.0,0.005,0.015,0.015,0.01,0.01,0.01,0.01,0.01,0.01
NK_cells_CD56brCD16-CD9hi_glandfront_TIM3,0.0,0.02,0.045,0.04,0.04,0.045,0.055,0.06,0.06,0.06
NK_cells_CD56brCD16-CD9hi_glandfront_HLA-DR,0.0,0.025,0.055,0.055,0.07,0.07,0.075,0.08,0.08,0.08
NK_cells_CD56brCD16-CD9hi_stromal_ERa,0.0,0.02,0.02,0.02,0.025,0.015,0.02,0.015,0.02,0.02
NK_cells_CD56brCD16-CD9hi_stromal_PR,0.0,0.0,0.0,0.0,0.0,0.0,0.0,0.0,0.0,0.0
NK_cells_CD56brCD16-CD9hi_stromal_pP38,0.0,0.0,0.0,0.0,0.0,0.0,0.0,0.0,0.0,0.0
NK_cells_CD56brCD16-CD9hi_stromal_VEGF,0.0,0.0,0.0,0.0,0.0,0.0,0.0,0.0,0.0,0.0
NK_cells_CD56brCD16-CD9hi_stromal_GranzymeB,0.0,0.01,0.015,0.015,0.015,0.02,0.02,0.02,0.02,0.02
NK_cells_CD56brCD16-CD9hi_stromal_Ki67,0.0,0.0,0.0,0.0,0.0,0.0,0.0,0.0,0.0,0.0
NK_cells_CD56brCD16-CD9hi_stromal_HLA-DR,0.0,0.0,0.0,0.0,0.0,0.0,0.0,0.0,0.0,0.0
Macrophages_M1-like_glandfront_ERa,0.0,0.0,0.0,0.0,0.0,0.0,0.0,0.0,0.0,0.0
Macrophages_M1-like_glandfront_PR,0.0,0.0,0.0,0.0,0.0,0.0,0.0,0.0,0.0,0.0
Macrophages_M1-like_glandfront_pP38,0.0,0.0,0.0,0.0,0.0,0.0,0.0,0.0,0.0,0.0
Macrophages_M1-like_glandfront_VEGF,0.0,0.0,0.0,0.0,0.0,0.0,0.0,0.0,0.0,0.0
Macrophages_M1-like_glandfront_GranzymeB,0.0,0.0,0.0,0.0,0.0,0.005,0.005,0.005,0.005,0.005
Macrophages_M1-like_glandfront_Ki67,0.0,0.005,0.005,0.005,0.005,0.01,0.01,0.01,0.01,0.01
Macrophages_M1-like_glandfront_TIM3,0.0,0.01,0.015,0.015,0.015,0.015,0.015,0.015,0.015,0.015
Macrophages_M1-like_glandfront_HLA-DR,0.0,0.0,0.0,0.0,0.0,0.005,0.01,0.015,0.01,0.015
Macrophages_M1-like_stromal_ERa,0.0,0.005,0.0,0.005,0.005,0.005,0.005,0.005,0.005,0.005
Macrophages_M1-like_stromal_PR,0.0,0.0,0.0,0.0,0.0,0.0,0.0,0.0,0.0,0.0
Macrophages_M1-like_stromal_pP38,0.0,0.0,0.0,0.0,0.0,0.0,0.0,0.0,0.0,0.0
Macrophages_M1-like_stromal_VEGF,0.0,0.0,0.01,0.01,0.005,0.005,0.005,0.005,0.005,0.005
Macrophages_M1-like_stromal_GranzymeB,0.0,0.115,0.12,0.12,0.13,0.125,0.13,0.14,0.125,0.135
Macrophages_M1-like_stromal_Ki67,0.0,0.03,0.03,0.02,0.03,0.03,0.03,0.03,0.03,0.03
Macrophages_M1-like_stromal_TIM3,0.0,0.005,0.005,0.005,0.005,0.005,0.005,0.005,0.005,0.005
Macrophages_M1-like_stromal_HLA-DR,0.0,0.005,0.0,0.0,0.0,0.005,0.005,0.005,0.01,0.01
Macrophages_M2-like_glandfront_ERa,0.0,0.0,0.0,0.0,0.0,0.0,0.0,0.0,0.0,0.0
Macrophages_M2-like_glandfront_PR,0.0,0.0,0.0,0.0,0.0,0.0,0.0,0.0,0.0,0.0
Macrophages_M2-like_glandfront_pP38,0.0,0.0,0.0,0.0,0.0,0.0,0.0,0.0,0.0,0.0
Macrophages_M2-like_glandfront_VEGF,0.0,0.0,0.0,0.0,0.0,0.0,0.0,0.0,0.0,0.0
Macrophages_M2-like_glandfront_GranzymeB,0.0,0.0,0.0,0.0,0.0,0.0,0.0,0.0,0.0,0.0
Macrophages_M2-like_glandfront_Ki67,0.0,0.0,0.0,0.005,0.005,0.005,0.005,0.01,0.01,0.01
Macrophages_M2-like_glandfront_TIM3,0.0,0.0,0.0,0.0,0.0,0.0,0.0,0.0,0.0,0.0
Macrophages_M2-like_glandfront_HLA-DR,0.0,0.0,0.0,0.0,0.0,0.0,0.0,0.0,0.0,0.0
Macrophages_M2-like_stromal_ERa,0.0,0.0,0.0,0.0,0.0,0.0,0.0,0.0,0.0,0.0
Macrophages_M2-like_stromal_PR,0.0,0.0,0.0,0.0,0.0,0.0,0.0,0.0,0.0,0.0
Macrophages_M2-like_stromal_pP38,0.0,0.0,0.0,0.0,0.0,0.0,0.0,0.0,0.0,0.0
Macrophages_M2-like_stromal_VEGF,0.0,0.0,0.0,0.0,0.0,0.0,0.0,0.0,0.0,0.0
Macrophages_M2-like_stromal_GranzymeB,0.0,0.0,0.0,0.0,0.0,0.0,0.0,0.0,0.0,0.0
Macrophages_M2-like_stromal_Ki67,0.0,0.0,0.0,0.0,0.0,0.0,0.0,0.0,0.0,0.0
Macrophages_M2-like_stromal_TIM3,0.0,0.0,0.0,0.0,0.0,0.0,0.0,0.0,0.0,0.0
Macrophages_M2-like_stromal_HLA-DR,0.0,0.0,0.0,0.0,0.0,0.0,0.0,0.0,0.0,0.0
Macrophages_M1_M2_glandfront_ERa,0.0,0.005,0.005,0.005,0.005,0.01,0.01,0.01,0.01,0.01
Macrophages_M1_M2_glandfront_PR,0.0,0.0,0.0,0.0,0.0,0.0,0.0,0.0,0.005,0.005
Macrophages_M1_M2_glandfront_pP38,0.0,0.005,0.01,0.015,0.015,0.015,0.02,0.02,0.02,0.02
Macrophages_M1_M2_glandfront_VEGF,0.0,0.0,0.0,0.0,0.0,0.0,0.0,0.0,0.0,0.0
Macrophages_M1_M2_glandfront_GranzymeB,0.0,0.035,0.055,0.07,0.085,0.09,0.085,0.085,0.085,0.085
Macrophages_M1_M2_glandfront_Ki67,0.0,0.005,0.02,0.02,0.02,0.02,0.02,0.02,0.02,0.02
Macrophages_M1_M2_glandfront_TIM3,0.0,0.0,0.0,0.0,0.0,0.0,0.0,0.0,0.0,0.0
Macrophages_M1_M2_glandfront_HLA-DR,0.0,0.0,0.0,0.0,0.005,0.005,0.005,0.005,0.005,0.005
Macrophages_M1_M2_stromal_ERa,0.0,0.04,0.06,0.055,0.06,0.055,0.05,0.05,0.055,0.055
Macrophages_M1_M2_stromal_PR,0.0,0.0,0.005,0.01,0.01,0.01,0.02,0.025,0.02,0.025
Macrophages_M1_M2_stromal_pP38,0.0,0.0,0.0,0.0,0.0,0.0,0.0,0.0,0.0,0.0
Macrophages_M1_M2_stromal_VEGF,0.0,0.005,0.01,0.01,0.015,0.01,0.01,0.01,0.01,0.005
Macrophages_M1_M2_stromal_GranzymeB,0.0,0.46,0.475,0.49,0.495,0.515,0.51,0.51,0.51,0.51
Macrophages_M1_M2_stromal_Ki67,0.0,0.025,0.02,0.025,0.03,0.03,0.03,0.025,0.03,0.025
Macrophages_M1_M2_stromal_TIM3,0.0,0.0,0.0,0.005,0.005,0.01,0.01,0.01,0.01,0.015
Macrophages_M1_M2_stromal_HLA-DR,0.0,0.07,0.085,0.095,0.09,0.09,0.085,0.085,0.085,0.085
Macrophages_MDSC_glandfront_ERa,0.0,0.0,0.0,0.0,0.0,0.0,0.0,0.0,0.0,0.0
Macrophages_MDSC_glandfront_PR,0.0,0.0,0.0,0.0,0.005,0.005,0.005,0.005,0.005,0.005
Macrophages_MDSC_glandfront_pP38,0.0,0.005,0.045,0.075,0.085,0.095,0.095,0.1,0.105,0.095
Macrophages_MDSC_glandfront_VEGF,0.0,0.0,0.0,0.0,0.0,0.0,0.0,0.0,0.0,0.0
Macrophages_MDSC_glandfront_GranzymeB,0.0,0.0,0.0,0.015,0.02,0.02,0.02,0.02,0.02,0.02
Macrophages_MDSC_glandfront_Ki67,0.0,0.0,0.0,0.0,0.0,0.0,0.0,0.0,0.0,0.0
Macrophages_MDSC_glandfront_TIM3,0.0,0.0,0.0,0.005,0.005,0.005,0.005,0.005,0.005,0.005
Macrophages_MDSC_glandfront_HLA-DR,0.0,0.0,0.01,0.01,0.01,0.01,0.01,0.01,0.01,0.01
Macrophages_MDSC_stromal_ERa,0.0,0.0,0.0,0.0,0.0,0.0,0.0,0.0,0.0,0.0
Macrophages_MDSC_stromal_PR,0.0,0.0,0.0,0.0,0.0,0.0,0.0,0.0,0.0,0.0
Macrophages_MDSC_stromal_pP38,0.0,0.0,0.0,0.0,0.0,0.0,0.0,0.0,0.0,0.0
Macrophages_MDSC_stromal_VEGF,0.0,0.0,0.0,0.0,0.0,0.0,0.0,0.0,0.0,0.0
Macrophages_MDSC_stromal_GranzymeB,0.0,0.0,0.0,0.005,0.005,0.005,0.005,0.005,0.005,0.005
Macrophages_MDSC_stromal_Ki67,0.0,0.0,0.0,0.0,0.0,0.0,0.0,0.0,0.0,0.0
Macrophages_MDSC_stromal_TIM3,0.0,0.0,0.005,0.01,0.01,0.015,0.015,0.015,0.02,0.02
Macrophages_MDSC_stromal_HLA-DR,0.0,0.0,0.0,0.005,0.005,0.005,0.005,0.005,0.005,0.005
Dendritic_Cells_CD86+_glandfront_ERa,0.0,0.0,0.005,0.01,0.01,0.01,0.01,0.01,0.01,0.01
Dendritic_Cells_CD86+_glandfront_PR,0.0,0.0,0.0,0.005,0.005,0.005,0.005,0.005,0.005,0.005
Dendritic_Cells_CD86+_glandfront_pP38,0.0,0.005,0.01,0.005,0.005,0.005,0.005,0.005,0.01,0.01
Dendritic_Cells_CD86+_glandfront_VEGF,0.0,0.04,0.08,0.095,0.105,0.105,0.105,0.105,0.105,0.11
Dendritic_Cells_CD86+_glandfront_GranzymeB,0.0,0.0,0.02,0.025,0.03,0.045,0.045,0.045,0.04,0.045
Dendritic_Cells_CD86+_glandfront_Ki67,0.0,0.0,0.015,0.025,0.03,0.03,0.03,0.03,0.035,0.035
Dendritic_Cells_CD86+_glandfront_HLA-DR,0.0,0.0,0.01,0.015,0.01,0.01,0.01,0.015,0.015,0.015
Dendritic_Cells_CD86+_intragland_ERa,0.0,0.0,0.13,0.19,0.2,0.205,0.21,0.21,0.2,0.21
Dendritic_Cells_CD86+_intragland_PR,0.0,0.005,0.09,0.12,0.13,0.13,0.135,0.14,0.13,0.13
Dendritic_Cells_CD86+_stromal_ERa,0.0,0.0,0.0,0.0,0.0,0.0,0.0,0.0,0.0,0.0
Dendritic_Cells_CD86+_stromal_PR,0.0,0.0,0.005,0.005,0.005,0.005,0.005,0.005,0.005,0.005
Dendritic_Cells_CD86+_stromal_pP38,0.0,0.0,0.0,0.0,0.0,0.0,0.0,0.0,0.0,0.0
Dendritic_Cells_CD86+_stromal_VEGF,0.0,0.0,0.01,0.015,0.01,0.01,0.01,0.01,0.01,0.01
Dendritic_Cells_CD86+_stromal_GranzymeB,0.0,0.005,0.005,0.0,0.005,0.005,0.005,0.005,0.005,0.005
Dendritic_Cells_CD86+_stromal_Ki67,0.0,0.05,0.065,0.075,0.08,0.085,0.09,0.09,0.09,0.095
Dendritic_Cells_CD86+_stromal_HLA-DR,0.0,0.0,0.005,0.005,0.005,0.005,0.01,0.01,0.01,0.01
Dendritic_Cells_CD33+_glandfront_ERa,0.0,0.015,0.045,0.075,0.07,0.065,0.08,0.08,0.07,0.075
Dendritic_Cells_CD33+_glandfront_PR,0.0,0.0,0.0,0.0,0.0,0.0,0.0,0.0,0.0,0.0
Dendritic_Cells_CD33+_glandfront_pP38,0.0,0.0,0.0,0.0,0.0,0.0,0.0,0.0,0.0,0.0
Dendritic_Cells_CD33+_glandfront_VEGF,0.0,0.0,0.0,0.0,0.0,0.0,0.0,0.0,0.0,0.0
Dendritic_Cells_CD33+_glandfront_GranzymeB,0.0,0.025,0.025,0.025,0.03,0.025,0.025,0.025,0.025,0.025
Dendritic_Cells_CD33+_glandfront_Ki67,0.0,0.05,0.105,0.12,0.125,0.13,0.13,0.135,0.145,0.145
Dendritic_Cells_CD33+_glandfront_HLA-DR,0.0,0.02,0.05,0.05,0.045,0.045,0.045,0.05,0.045,0.05
Dendritic_Cells_CD33+_intragland_ERa,0.0,0.0,0.005,0.015,0.02,0.02,0.02,0.02,0.02,0.02
Dendritic_Cells_CD33+_intragland_PR,0.0,0.0,0.005,0.005,0.005,0.005,0.005,0.005,0.005,0.005
Dendritic_Cells_CD33+_intragland_pP38,0.0,0.0,0.01,0.015,0.015,0.015,0.02,0.02,0.02,0.02
Dendritic_Cells_CD33+_intragland_VEGF,0.0,0.015,0.025,0.055,0.06,0.06,0.06,0.065,0.06,0.065
Dendritic_Cells_CD33+_intragland_GranzymeB,0.0,0.0,0.01,0.01,0.015,0.015,0.015,0.015,0.02,0.01
Dendritic_Cells_CD33+_intragland_Ki67,0.0,0.0,0.005,0.015,0.015,0.015,0.015,0.015,0.02,0.02
Dendritic_Cells_CD33+_intragland_HLA-DR,0.0,0.005,0.01,0.02,0.03,0.035,0.035,0.035,0.035,0.035
Dendritic_Cells_CD33+_stromal_ERa,0.0,0.0,0.0,0.0,0.0,0.0,0.0,0.0,0.0,0.0
Dendritic_Cells_CD33+_stromal_PR,0.0,0.0,0.0,0.0,0.0,0.0,0.0,0.0,0.0,0.0
Dendritic_Cells_CD33+_stromal_pP38,0.0,0.0,0.01,0.015,0.015,0.015,0.015,0.015,0.015,0.015
Dendritic_Cells_CD33+_stromal_VEGF,0.0,0.005,0.025,0.025,0.03,0.03,0.03,0.03,0.03,0.03
Dendritic_Cells_CD33+_stromal_GranzymeB,0.0,0.04,0.04,0.03,0.035,0.035,0.04,0.04,0.035,0.04
Dendritic_Cells_CD33+_stromal_Ki67,0.0,0.09,0.105,0.1,0.105,0.1,0.1,0.095,0.095,0.095
Dendritic_Cells_CD33+_stromal_HLA-DR,0.0,0.0,0.0,0.0,0.0,0.0,0.0,0.0,0.0,0.0
Dendritic_Cells_CD209CD86dp_glandfront_ERa,0.0,0.0,0.0,0.0,0.0,0.0,0.0,0.0,0.0,0.0
Dendritic_Cells_CD209CD86dp_glandfront_PR,0.0,0.0,0.0,0.0,0.0,0.0,0.0,0.0,0.0,0.0
Dendritic_Cells_CD209CD86dp_glandfront_pP38,0.0,0.0,0.0,0.0,0.0,0.0,0.005,0.005,0.005,0.005
Dendritic_Cells_CD209CD86dp_glandfront_VEGF,0.0,0.005,0.065,0.075,0.085,0.085,0.085,0.09,0.09,0.09
Dendritic_Cells_CD209CD86dp_glandfront_GranzymeB,0.0,0.0,0.0,0.0,0.0,0.0,0.0,0.0,0.0,0.0
Dendritic_Cells_CD209CD86dp_glandfront_Ki67,0.0,0.01,0.015,0.01,0.005,0.005,0.005,0.005,0.005,0.005
Dendritic_Cells_CD209CD86dp_glandfront_HLA-DR,0.0,0.0,0.0,0.005,0.005,0.005,0.005,0.005,0.005,0.005
Dendritic_Cells_CD209CD86dp_stromal_ERa,0.0,0.0,0.0,0.0,0.0,0.0,0.0,0.0,0.0,0.0
Dendritic_Cells_CD209CD86dp_stromal_PR,0.0,0.0,0.0,0.0,0.0,0.0,0.0,0.0,0.0,0.0
Dendritic_Cells_CD209CD86dp_stromal_pP38,0.0,0.0,0.0,0.0,0.0,0.0,0.0,0.0,0.0,0.0
Dendritic_Cells_CD209CD86dp_stromal_VEGF,0.0,0.0,0.0,0.0,0.0,0.0,0.0,0.0,0.0,0.0
Dendritic_Cells_CD209CD86dp_stromal_GranzymeB,0.0,0.0,0.0,0.0,0.0,0.0,0.0,0.0,0.0,0.0
Dendritic_Cells_CD209CD86dp_stromal_Ki67,0.0,0.0,0.0,0.0,0.01,0.01,0.01,0.01,0.01,0.01
Dendritic_Cells_CD209CD86dp_stromal_HLA-DR,0.0,0.0,0.0,0.0,0.0,0.0,0.0,0.0,0.0,0.0
Dendritic_Cells_CD209CD33dp_glandfront_ERa,0.0,0.0,0.0,0.005,0.005,0.01,0.01,0.01,0.01,0.01
Dendritic_Cells_CD209CD33dp_glandfront_PR,0.0,0.0,0.0,0.0,0.0,0.005,0.005,0.005,0.0,0.005
Dendritic_Cells_CD209CD33dp_glandfront_pP38,0.0,0.0,0.0,0.0,0.0,0.0,0.0,0.0,0.0,0.0
Dendritic_Cells_CD209CD33dp_glandfront_VEGF,0.0,0.0,0.0,0.0,0.0,0.0,0.0,0.0,0.0,0.0
Dendritic_Cells_CD209CD33dp_glandfront_GranzymeB,0.0,0.045,0.095,0.125,0.125,0.125,0.125,0.13,0.135,0.145
Dendritic_Cells_CD209CD33dp_glandfront_Ki67,0.0,0.02,0.01,0.015,0.02,0.015,0.015,0.015,0.015,0.015
Dendritic_Cells_CD209CD33dp_glandfront_HLA-DR,0.0,0.0,0.005,0.005,0.005,0.005,0.005,0.005,0.005,0.005
Dendritic_Cells_CD209CD33dp_stromal_ERa,0.0,0.0,0.0,0.0,0.0,0.0,0.0,0.0,0.0,0.0
Dendritic_Cells_CD209CD33dp_stromal_PR,0.0,0.0,0.0,0.0,0.0,0.0,0.0,0.0,0.0,0.0
Dendritic_Cells_CD209CD33dp_stromal_pP38,0.0,0.0,0.0,0.0,0.0,0.0,0.0,0.0,0.0,0.0
Dendritic_Cells_CD209CD33dp_stromal_VEGF,0.0,0.0,0.0,0.0,0.0,0.0,0.0,0.0,0.0,0.0
Dendritic_Cells_CD209CD33dp_stromal_GranzymeB,0.0,0.115,0.13,0.13,0.125,0.125,0.125,0.12,0.12,0.13
Dendritic_Cells_CD209CD33dp_stromal_Ki67,0.0,0.0,0.0,0.0,0.0,0.0,0.0,0.0,0.0,0.0
Dendritic_Cells_CD209CD33dp_stromal_HLA-DR,0.0,0.0,0.0,0.0,0.0,0.0,0.0,0.0,0.0,0.0
Dendritic_Cells_CD86CD33dp_glandfront_ERa,0.0,0.02,0.085,0.095,0.11,0.105,0.11,0.12,0.12,0.12
Dendritic_Cells_CD86CD33dp_glandfront_PR,0.0,0.005,0.01,0.01,0.02,0.02,0.025,0.025,0.03,0.035
Dendritic_Cells_CD86CD33dp_glandfront_pP38,0.0,0.055,0.075,0.085,0.105,0.105,0.11,0.11,0.11,0.115
Dendritic_Cells_CD86CD33dp_glandfront_VEGF,0.0,0.05,0.11,0.125,0.13,0.14,0.135,0.135,0.14,0.14
Dendritic_Cells_CD86CD33dp_glandfront_GranzymeB,0.0,0.0,0.0,0.0,0.0,0.0,0.0,0.005,0.005,0.005
Dendritic_Cells_CD86CD33dp_glandfront_Ki67,0.0,0.005,0.015,0.015,0.02,0.02,0.02,0.02,0.02,0.02
Dendritic_Cells_CD86CD33dp_glandfront_HLA-DR,0.0,0.0,0.015,0.02,0.02,0.02,0.02,0.015,0.02,0.02
Dendritic_Cells_CD86CD33dp_stromal_ERa,0.0,0.005,0.005,0.005,0.005,0.01,0.005,0.005,0.01,0.01
Dendritic_Cells_CD86CD33dp_stromal_PR,0.0,0.0,0.0,0.0,0.0,0.0,0.0,0.0,0.0,0.0
Dendritic_Cells_CD86CD33dp_stromal_pP38,0.0,0.0,0.0,0.0,0.0,0.0,0.0,0.0,0.0,0.0
Dendritic_Cells_CD86CD33dp_stromal_VEGF,0.0,0.0,0.0,0.005,0.005,0.005,0.005,0.005,0.005,0.005
Dendritic_Cells_CD86CD33dp_stromal_GranzymeB,0.0,0.12,0.22,0.215,0.24,0.245,0.25,0.25,0.25,0.26
Dendritic_Cells_CD86CD33dp_stromal_Ki67,0.0,0.0,0.005,0.005,0.005,0.005,0.005,0.005,0.005,0.005
Dendritic_Cells_CD86CD33dp_stromal_HLA-DR,0.0,0.0,0.005,0.01,0.01,0.01,0.01,0.01,0.015,0.015
Neutrophils_glandfront_ERa,0.0,0.02,0.045,0.045,0.055,0.055,0.055,0.06,0.055,0.06
Neutrophils_glandfront_PR,0.0,0.005,0.015,0.025,0.025,0.025,0.035,0.035,0.035,0.04
Neutrophils_glandfront_pP38,0.0,0.0,0.0,0.0,0.005,0.005,0.005,0.005,0.005,0.005
Neutrophils_glandfront_VEGF,0.0,0.0,0.0,0.0,0.0,0.0,0.0,0.0,0.0,0.0
Neutrophils_glandfront_GranzymeB,0.0,0.005,0.025,0.025,0.03,0.03,0.035,0.035,0.04,0.04
Neutrophils_glandfront_Ki67,0.0,0.02,0.03,0.025,0.025,0.03,0.03,0.03,0.03,0.03
Neutrophils_glandfront_TIM3,0.0,0.0,0.0,0.0,0.0,0.005,0.005,0.005,0.005,0.005
Neutrophils_glandfront_HLA-DR,0.0,0.0,0.0,0.005,0.005,0.005,0.005,0.005,0.005,0.005
Neutrophils_stromal_ERa,0.0,0.0,0.0,0.0,0.0,0.0,0.0,0.0,0.0,0.0
Neutrophils_stromal_PR,0.0,0.0,0.0,0.0,0.0,0.0,0.0,0.0,0.0,0.0
Neutrophils_stromal_pP38,0.0,0.0,0.0,0.0,0.0,0.0,0.0,0.0,0.0,0.0
Neutrophils_stromal_VEGF,0.0,0.0,0.0,0.0,0.0,0.0,0.0,0.0,0.0,0.0
Neutrophils_stromal_GranzymeB,0.0,0.005,0.055,0.065,0.075,0.085,0.085,0.085,0.09,0.09
Neutrophils_stromal_Ki67,0.0,0.0,0.005,0.005,0.005,0.005,0.005,0.005,0.005,0.005
Neutrophils_stromal_HLA-DR,0.0,0.0,0.0,0.0,0.0,0.0,0.0,0.0,0.0,0.0
NKT_glandfront_ERa,0.0,0.0,0.0,0.0,0.0,0.0,0.0,0.0,0.0,0.0
NKT_glandfront_PR,0.0,0.0,0.0,0.0,0.0,0.0,0.0,0.0,0.0,0.0
NKT_glandfront_pP38,0.0,0.0,0.0,0.0,0.0,0.0,0.0,0.0,0.0,0.0
NKT_glandfront_VEGF,0.0,0.0,0.0,0.0,0.0,0.0,0.0,0.0,0.0,0.0
NKT_glandfront_GranzymeB,0.0,0.025,0.045,0.06,0.065,0.065,0.065,0.065,0.065,0.065
NKT_glandfront_Ki67,0.0,0.365,0.375,0.38,0.38,0.385,0.39,0.405,0.42,0.415
NKT_glandfront_TIM3,0.0,0.0,0.0,0.0,0.0,0.0,0.0,0.0,0.0,0.0
NKT_glandfront_HLA-DR,0.0,0.0,0.0,0.0,0.0,0.005,0.005,0.005,0.005,0.005
aSMA-br_fibroblast_glandfront_ERa,0.0,0.0,0.0,0.0,0.0,0.0,0.0,0.0,0.0,0.0
aSMA-br_fibroblast_glandfront_PR,0.0,0.0,0.0,0.0,0.0,0.0,0.0,0.0,0.0,0.0
aSMA-br_fibroblast_glandfront_pP38,0.0,0.0,0.0,0.0,0.0,0.0,0.0,0.0,0.0,0.0
aSMA-br_fibroblast_glandfront_VEGF,0.0,0.0,0.0,0.0,0.0,0.0,0.0,0.0,0.0,0.0
aSMA-br_fibroblast_glandfront_GranzymeB,0.0,0.0,0.0,0.0,0.0,0.0,0.0,0.0,0.0,0.0
aSMA-br_fibroblast_glandfront_Ki67,0.0,0.015,0.015,0.015,0.015,0.015,0.015,0.015,0.015,0.015
aSMA-br_fibroblast_glandfront_HLA-DR,0.0,0.0,0.0,0.0,0.0,0.0,0.0,0.0,0.0,0.0
aSMA-br_fibroblast_stromal_ERa,0.0,0.0,0.0,0.0,0.0,0.0,0.0,0.0,0.0,0.0
aSMA-br_fibroblast_stromal_PR,0.0,0.0,0.0,0.0,0.0,0.0,0.0,0.0,0.0,0.0
aSMA-br_fibroblast_stromal_pP38,0.0,0.0,0.0,0.0,0.0,0.0,0.0,0.0,0.0,0.0
aSMA-br_fibroblast_stromal_VEGF,0.0,0.0,0.0,0.0,0.0,0.0,0.0,0.0,0.0,0.0
aSMA-br_fibroblast_stromal_GranzymeB,0.0,0.0,0.0,0.0,0.0,0.0,0.0,0.0,0.0,0.0
aSMA-br_fibroblast_stromal_Ki67,0.0,0.0,0.0,0.0,0.0,0.0,0.0,0.0,0.0,0.0
aSMA-br_fibroblast_stromal_HLA-DR,0.0,0.0,0.0,0.0,0.0,0.0,0.0,0.0,0.0,0.0
aSMA-br_mesenchymal_glandfront_ERa,0.0,0.0,0.0,0.0,0.0,0.0,0.005,0.005,0.005,0.005
aSMA-br_mesenchymal_glandfront_PR,0.0,0.0,0.0,0.005,0.005,0.005,0.005,0.005,0.005,0.005
aSMA-br_mesenchymal_glandfront_pP38,0.0,0.0,0.0,0.0,0.0,0.0,0.0,0.0,0.0,0.0
aSMA-br_mesenchymal_glandfront_VEGF,0.0,0.0,0.0,0.0,0.0,0.0,0.0,0.0,0.0,0.0
aSMA-br_mesenchymal_glandfront_GranzymeB,0.0,0.0,0.0,0.0,0.0,0.0,0.0,0.0,0.0,0.0
aSMA-br_mesenchymal_glandfront_Ki67,0.0,0.0,0.0,0.0,0.005,0.005,0.005,0.005,0.005,0.005
aSMA-br_mesenchymal_glandfront_HLA-DR,0.0,0.0,0.0,0.0,0.0,0.0,0.0,0.0,0.0,0.0
aSMA-br_mesenchymal_stromal_ERa,0.0,0.0,0.0,0.0,0.0,0.0,0.0,0.0,0.0,0.005
aSMA-br_mesenchymal_stromal_PR,0.0,0.0,0.005,0.005,0.005,0.005,0.005,0.005,0.01,0.01
aSMA-br_mesenchymal_stromal_pP38,0.0,0.0,0.0,0.0,0.0,0.0,0.0,0.0,0.0,0.0
aSMA-br_mesenchymal_stromal_VEGF,0.0,0.0,0.0,0.01,0.01,0.005,0.005,0.005,0.005,0.005
aSMA-br_mesenchymal_stromal_GranzymeB,0.0,0.095,0.17,0.19,0.185,0.195,0.19,0.19,0.215,0.21
aSMA-br_mesenchymal_stromal_Ki67,0.0,0.035,0.07,0.065,0.065,0.065,0.06,0.065,0.07,0.07
aSMA-br_mesenchymal_stromal_HLA-DR,0.0,0.0,0.0,0.005,0.005,0.005,0.005,0.005,0.005,0.005
aSMA-br_vascular_endothelium_glandfront_ERa,0.0,0.0,0.0,0.005,0.005,0.01,0.01,0.01,0.01,0.01
aSMA-br_vascular_endothelium_glandfront_PR,0.0,0.0,0.0,0.0,0.0,0.0,0.0,0.0,0.0,0.0
aSMA-br_vascular_endothelium_glandfront_pP38,0.0,0.0,0.0,0.0,0.0,0.0,0.0,0.0,0.0,0.0
aSMA-br_vascular_endothelium_glandfront_VEGF,0.0,0.0,0.0,0.0,0.0,0.0,0.0,0.0,0.0,0.0
aSMA-br_vascular_endothelium_glandfront_GranzymeB,0.0,0.035,0.025,0.03,0.035,0.04,0.04,0.045,0.045,0.05
aSMA-br_vascular_endothelium_glandfront_Ki67,0.0,0.085,0.06,0.055,0.05,0.05,0.055,0.055,0.055,0.055
aSMA-br_vascular_endothelium_glandfront_HLA-DR,0.0,0.0,0.0,0.0,0.0,0.0,0.0,0.0,0.0,0.0
aSMA-br_vascular_endothelium_stromal_ERa,0.0,0.0,0.0,0.0,0.0,0.0,0.0,0.0,0.0,0.0
aSMA-br_vascular_endothelium_stromal_PR,0.0,0.0,0.0,0.0,0.0,0.0,0.0,0.0,0.0,0.0
aSMA-br_vascular_endothelium_stromal_pP38,0.0,0.0,0.0,0.0,0.0,0.0,0.0,0.0,0.0,0.0
aSMA-br_vascular_endothelium_stromal_VEGF,0.0,0.0,0.0,0.0,0.0,0.0,0.0,0.0,0.0,0.0
aSMA-br_vascular_endothelium_stromal_GranzymeB,0.0,0.18,0.2,0.195,0.175,0.17,0.17,0.17,0.165,0.17
aSMA-br_vascular_endothelium_stromal_Ki67,0.0,0.02,0.005,0.005,0.01,0.01,0.015,0.01,0.01,0.01
aSMA-br_vascular_endothelium_stromal_HLA-DR,0.0,0.0,0.0,0.0,0.0,0.0,0.0,0.0,0.0,0.0
Gland_glandular_epithelium_glandfront_ERa,0.0,0.0,0.0,0.0,0.0,0.0,0.0,0.0,0.0,0.0
Gland_glandular_epithelium_glandfront_PR,0.0,0.015,0.015,0.015,0.01,0.015,0.02,0.02,0.015,0.015
Gland_glandular_epithelium_glandfront_pP38,0.0,0.0,0.0,0.0,0.0,0.0,0.0,0.0,0.0,0.0
Gland_glandular_epithelium_glandfront_VEGF,0.0,0.0,0.0,0.0,0.0,0.0,0.0,0.0,0.0,0.0
Gland_glandular_epithelium_glandfront_GranzymeB,0.0,0.125,0.175,0.155,0.175,0.18,0.185,0.19,0.19,0.195
Gland_glandular_epithelium_glandfront_Ki67,0.0,0.54,0.505,0.485,0.465,0.47,0.48,0.485,0.475,0.485
Gland_glandular_epithelium_glandfront_HLA-DR,0.0,0.0,0.0,0.0,0.0,0.0,0.0,0.0,0.0,0.0
Gland_glandular_epithelium_intragland_ERa,0.0,0.0,0.0,0.0,0.0,0.0,0.0,0.0,0.0,0.0
Gland_glandular_epithelium_intragland_PR,0.0,0.02,0.03,0.025,0.02,0.02,0.02,0.025,0.025,0.025
Gland_glandular_epithelium_intragland_pP38,0.0,0.0,0.0,0.0,0.0,0.0,0.0,0.0,0.0,0.0
Gland_glandular_epithelium_intragland_VEGF,0.0,0.0,0.0,0.0,0.0,0.0,0.0,0.0,0.0,0.0
Gland_glandular_epithelium_intragland_GranzymeB,0.0,0.035,0.03,0.035,0.035,0.035,0.035,0.035,0.035,0.035
Gland_glandular_epithelium_intragland_Ki67,0.0,0.055,0.05,0.055,0.055,0.07,0.075,0.06,0.08,0.075
Gland_glandular_epithelium_intragland_HLA-DR,0.0,0.0,0.005,0.01,0.01,0.01,0.01,0.01,0.01,0.005
Gland_mesenchymal_glandfront_ERa,0.0,0.0,0.0,0.0,0.0,0.0,0.0,0.0,0.0,0.0
Gland_mesenchymal_glandfront_PR,0.0,0.0,0.0,0.0,0.0,0.0,0.0,0.0,0.0,0.0
Gland_mesenchymal_glandfront_pP38,0.0,0.0,0.0,0.0,0.0,0.0,0.0,0.0,0.0,0.0
Gland_mesenchymal_glandfront_VEGF,0.0,0.0,0.0,0.0,0.0,0.0,0.0,0.0,0.0,0.0
Gland_mesenchymal_glandfront_GranzymeB,0.0,0.005,0.005,0.005,0.005,0.0,0.0,0.0,0.0,0.0
Gland_mesenchymal_glandfront_Ki67,0.0,0.015,0.02,0.02,0.02,0.02,0.02,0.025,0.025,0.025
Gland_mesenchymal_glandfront_HLA-DR,0.0,0.0,0.0,0.0,0.0,0.0,0.0,0.0,0.0,0.0
Gland_mesenchymal_intragland_ERa,0.0,0.015,0.065,0.08,0.09,0.1,0.1,0.1,0.1,0.1
Gland_mesenchymal_intragland_PR,0.0,0.0,0.0,0.0,0.005,0.0,0.005,0.005,0.005,0.005
Gland_mesenchymal_intragland_pP38,0.0,0.0,0.005,0.005,0.005,0.005,0.005,0.005,0.005,0.005
Gland_mesenchymal_intragland_VEGF,0.0,0.0,0.0,0.0,0.0,0.0,0.0,0.0,0.0,0.0
Gland_mesenchymal_intragland_GranzymeB,0.0,0.0,0.0,0.0,0.0,0.0,0.0,0.0,0.0,0.0
Gland_mesenchymal_intragland_Ki67,0.0,0.01,0.03,0.05,0.05,0.055,0.055,0.06,0.06,0.06
Gland_mesenchymal_intragland_HLA-DR,0.0,0.0,0.0,0.005,0.005,0.005,0.005,0.005,0.005,0.005
Gland_mesenchymal_stromal_ERa,0.0,0.0,0.0,0.0,0.0,0.0,0.0,0.0,0.0,0.0
Gland_mesenchymal_stromal_PR,0.0,0.0,0.0,0.0,0.0,0.0,0.0,0.0,0.0,0.0
Gland_mesenchymal_stromal_pP38,0.0,0.0,0.0,0.0,0.0,0.0,0.0,0.0,0.0,0.0
Gland_mesenchymal_stromal_VEGF,0.0,0.0,0.0,0.0,0.005,0.005,0.005,0.005,0.005,0.005
Gland_mesenchymal_stromal_GranzymeB,0.0,0.005,0.02,0.025,0.03,0.035,0.035,0.035,0.035,0.035
Gland_mesenchymal_stromal_Ki67,0.0,0.055,0.065,0.065,0.065,0.07,0.07,0.07,0.075,0.07
Gland_mesenchymal_stromal_HLA-DR,0.0,0.01,0.02,0.02,0.02,0.02,0.02,0.02,0.02,0.02
Gland_fibroblast_glandfront_ERa,0.0,0.0,0.0,0.0,0.0,0.0,0.0,0.0,0.0,0.0
Gland_fibroblast_glandfront_PR,0.0,0.005,0.005,0.005,0.005,0.005,0.01,0.015,0.015,0.015
Gland_fibroblast_glandfront_pP38,0.0,0.0,0.0,0.0,0.0,0.0,0.0,0.0,0.0,0.0
Gland_fibroblast_glandfront_VEGF,0.0,0.0,0.0,0.0,0.0,0.0,0.0,0.0,0.0,0.0
Gland_fibroblast_glandfront_GranzymeB,0.0,0.0,0.0,0.0,0.0,0.0,0.0,0.0,0.0,0.0
Gland_fibroblast_glandfront_Ki67,0.0,0.035,0.045,0.05,0.05,0.055,0.055,0.05,0.045,0.045
Gland_fibroblast_glandfront_HLA-DR,0.0,0.0,0.0,0.0,0.0,0.0,0.0,0.0,0.0,0.0
Gland_fibroblast_intragland_ERa,0.0,0.005,0.015,0.015,0.015,0.015,0.015,0.015,0.015,0.02
Gland_fibroblast_intragland_PR,0.0,0.065,0.135,0.145,0.155,0.15,0.155,0.16,0.16,0.165
Gland_fibroblast_intragland_pP38,0.0,0.04,0.075,0.075,0.085,0.095,0.11,0.105,0.11,0.11
Gland_fibroblast_intragland_VEGF,0.0,0.015,0.05,0.08,0.085,0.085,0.095,0.095,0.095,0.095
Gland_fibroblast_intragland_GranzymeB,0.0,0.01,0.045,0.045,0.055,0.055,0.06,0.06,0.065,0.065
Gland_fibroblast_intragland_Ki67,0.0,0.0,0.0,0.0,0.0,0.0,0.0,0.0,0.0,0.0
Gland_fibroblast_intragland_HLA-DR,0.0,0.03,0.07,0.09,0.105,0.115,0.12,0.12,0.12,0.12
Gland_fibroblast_stromal_ERa,0.0,0.005,0.005,0.005,0.005,0.005,0.005,0.005,0.01,0.01
Gland_fibroblast_stromal_PR,0.0,0.025,0.045,0.05,0.055,0.055,0.06,0.06,0.06,0.065
Gland_fibroblast_stromal_pP38,0.0,0.0,0.0,0.0,0.0,0.0,0.0,0.0,0.0,0.0
Gland_fibroblast_stromal_VEGF,0.0,0.0,0.0,0.0,0.0,0.0,0.0,0.0,0.0,0.0
Gland_fibroblast_stromal_GranzymeB,0.0,0.06,0.085,0.12,0.135,0.145,0.15,0.15,0.16,0.155
Gland_fibroblast_stromal_Ki67,0.0,0.0,0.0,0.0,0.0,0.0,0.0,0.0,0.0,0.0
Gland_fibroblast_stromal_HLA-DR,0.0,0.0,0.005,0.005,0.005,0.005,0.005,0.005,0.005,0.005
Gland_vascular_endothelium_glandfront_ERa,0.0,0.0,0.005,0.005,0.005,0.005,0.01,0.01,0.01,0.015
Gland_vascular_endothelium_glandfront_PR,0.0,0.0,0.0,0.0,0.0,0.0,0.0,0.0,0.0,0.0
Gland_vascular_endothelium_glandfront_pP38,0.0,0.015,0.01,0.01,0.015,0.015,0.015,0.015,0.015,0.015
Gland_vascular_endothelium_glandfront_VEGF,0.0,0.1,0.23,0.25,0.26,0.255,0.26,0.26,0.265,0.265
Gland_vascular_endothelium_glandfront_GranzymeB,0.0,0.0,0.0,0.0,0.005,0.005,0.005,0.005,0.005,0.005
Gland_vascular_endothelium_glandfront_Ki67,0.0,0.0,0.01,0.015,0.015,0.015,0.015,0.02,0.015,0.015
Gland_vascular_endothelium_glandfront_HLA-DR,0.0,0.025,0.09,0.09,0.11,0.115,0.115,0.115,0.115,0.115
Gland_vascular_endothelium_stromal_ERa,0.0,0.0,0.0,0.0,0.0,0.0,0.0,0.0,0.0,0.0
Gland_vascular_endothelium_stromal_PR,0.0,0.0,0.0,0.0,0.0,0.0,0.0,0.0,0.0,0.0
Gland_vascular_endothelium_stromal_pP38,0.0,0.0,0.015,0.03,0.03,0.035,0.035,0.035,0.035,0.035
Gland_vascular_endothelium_stromal_VEGF,0.0,0.0,0.005,0.005,0.005,0.01,0.01,0.01,0.01,0.01
Gland_vascular_endothelium_stromal_GranzymeB,0.0,0.0,0.0,0.0,0.0,0.005,0.005,0.005,0.005,0.005
Gland_vascular_endothelium_stromal_Ki67,0.0,0.0,0.0,0.0,0.0,0.0,0.0,0.0,0.0,0.0
Gland_vascular_endothelium_stromal_HLA-DR,0.0,0.0,0.01,0.015,0.02,0.02,0.025,0.025,0.025,0.025
NA_glandfront_ERa,0.0,0.0,0.0,0.0,0.0,0.0,0.0,0.0,0.0,0.0
NA_glandfront_PR,0.0,0.0,0.0,0.0,0.0,0.0,0.0,0.0,0.0,0.0
NA_glandfront_pP38,0.0,0.0,0.0,0.0,0.0,0.0,0.0,0.0,0.0,0.0
NA_glandfront_VEGF,0.0,0.0,0.0,0.0,0.0,0.0,0.0,0.0,0.0,0.0
NA_glandfront_GranzymeB,0.0,0.0,0.0,0.0,0.0,0.0,0.0,0.0,0.0,0.0
NA_glandfront_Ki67,0.0,0.18,0.255,0.285,0.3,0.3,0.305,0.315,0.325,0.32
NA_glandfront_TIM3,0.0,0.0,0.02,0.03,0.035,0.035,0.035,0.035,0.04,0.04
NA_glandfront_HLA-DR,0.0,0.0,0.01,0.02,0.035,0.035,0.045,0.06,0.06,0.06
NA_stromal_ERa,0.0,0.0,0.0,0.0,0.0,0.0,0.0,0.0,0.0,0.0
NA_stromal_PR,0.0,0.0,0.0,0.0,0.0,0.0,0.0,0.0,0.0,0.0
NA_stromal_pP38,0.0,0.0,0.0,0.0,0.005,0.005,0.005,0.005,0.005,0.005
NA_stromal_VEGF,0.0,0.0,0.0,0.0,0.0,0.0,0.0,0.0,0.0,0.0
NA_stromal_GranzymeB,0.0,0.0,0.0,0.0,0.0,0.0,0.0,0.0,0.0,0.0
NA_stromal_Ki67,0.0,0.0,0.01,0.015,0.015,0.02,0.03,0.03,0.03,0.03
NA_stromal_TIM3,0.0,0.005,0.005,0.005,0.005,0.005,0.01,0.01,0.01,0.01
NA_stromal_HLA-DR,0.0,0.0,0.0,0.0,0.0,0.0,0.0,0.0,0.0,0.0
