,{'C': 0.01},{'C': 0.021544346900318832},{'C': 0.046415888336127774},{'C': 0.09999999999999999},{'C': 0.21544346900318834},{'C': 0.4641588833612777},{'C': 1.0},{'C': 2.154434690031882},{'C': 4.641588833612777},{'C': 10.0}
CD4 T cells FoxP3+_glandfront_ERa,0.0,0.0,0.0,0.0004,0.0008,0.001,0.0008,0.0008,0.001,0.001
CD4 T cells FoxP3+_glandfront_PR,0.0,0.0,0.0012,0.0158,0.0358,0.049,0.054,0.0638,0.0744,0.0904
CD4 T cells FoxP3+_glandfront_pP38,0.0,0.0,0.0014,0.0204,0.0524,0.0678,0.0728,0.072,0.0766,0.0844
CD4 T cells FoxP3+_glandfront_VEGF,0.0,0.0,0.0002,0.0046,0.0044,0.0042,0.0052,0.0046,0.0042,0.0062
CD4 T cells FoxP3+_glandfront_GranzymeB,0.0,0.0,0.0002,0.0046,0.0074,0.0128,0.0194,0.0256,0.032,0.037
CD4 T cells FoxP3+_glandfront_Ki67,0.0,0.0,0.0004,0.012,0.0352,0.0588,0.0724,0.0764,0.0842,0.0928
CD4 T cells FoxP3+_glandfront_HLA-DR,0.0,0.0,0.002,0.0344,0.0634,0.0688,0.0648,0.067,0.069,0.0778
CD4 T cells FoxP3+_stromal_ERa,0.0,0.0,0.0004,0.0016,0.0058,0.0092,0.0108,0.0116,0.0122,0.0154
CD4 T cells FoxP3+_stromal_PR,0.0,0.0,0.0026,0.0112,0.0288,0.039,0.043,0.0466,0.0502,0.0586
CD4 T cells FoxP3+_stromal_pP38,0.0,0.0,0.0,0.0062,0.0294,0.047,0.0536,0.0554,0.0598,0.0664
CD4 T cells FoxP3+_stromal_VEGF,0.0,0.0,0.0,0.0008,0.0054,0.0114,0.0156,0.018,0.0212,0.025
CD4 T cells FoxP3+_stromal_GranzymeB,0.0,0.0,0.0004,0.0012,0.0044,0.0056,0.0072,0.008,0.0092,0.0104
CD4 T cells FoxP3+_stromal_Ki67,0.0,0.0,0.0,0.0254,0.102,0.1372,0.146,0.1546,0.161,0.1758
CD4 T cells FoxP3+_stromal_HLA-DR,0.0,0.0,0.0,0.0194,0.0676,0.1018,0.125,0.137,0.146,0.1576
CD8 T cells FoxP3+_glandfront_ERa,0.0,0.0,0.0,0.0026,0.0284,0.0668,0.089,0.1072,0.1254,0.1572
CD8 T cells FoxP3+_glandfront_PR,0.0,0.0,0.0,0.0004,0.0012,0.0044,0.0064,0.0092,0.0166,0.0322
CD8 T cells FoxP3+_glandfront_pP38,0.0,0.0,0.003,0.2716,0.5788,0.7046,0.743,0.7622,0.777,0.803
CD8 T cells FoxP3+_glandfront_VEGF,0.0,0.0,0.0004,0.114,0.2048,0.218,0.2324,0.246,0.2694,0.304
CD8 T cells FoxP3+_glandfront_GranzymeB,0.0,0.0,0.0,0.0002,0.0,0.0004,0.0008,0.0008,0.0022,0.0026
CD8 T cells FoxP3+_glandfront_Ki67,0.0,0.0,0.0006,0.0008,0.0016,0.0038,0.0048,0.0054,0.0074,0.0082
CD8 T cells FoxP3+_glandfront_HLA-DR,0.0,0.0,0.0,0.0034,0.0282,0.046,0.0578,0.0682,0.08,0.0976
CD8 T cells FoxP3+_intragland_ERa,0.0,0.0,0.0014,0.0094,0.011,0.0086,0.0076,0.0068,0.0072,0.0086
CD8 T cells FoxP3+_intragland_PR,0.0,0.0,0.001,0.0048,0.0084,0.0168,0.0274,0.039,0.047,0.0582
CD8 T cells FoxP3+_intragland_VEGF,0.0,0.0,0.001,0.0072,0.0098,0.013,0.0172,0.0198,0.0214,0.0274
CD8 T cells FoxP3+_intragland_GranzymeB,0.0,0.0,0.0002,0.0086,0.03,0.0566,0.0718,0.0788,0.0868,0.0958
CD8 T cells FoxP3+_intragland_HLA-DR,0.0,0.0,0.0006,0.0134,0.0244,0.0326,0.0332,0.0354,0.042,0.048
CD8 T cells FoxP3+_stromal_ERa,0.0,0.0,0.0,0.0002,0.0016,0.0054,0.0116,0.0148,0.0174,0.0214
CD8 T cells FoxP3+_stromal_PR,0.0,0.0,0.0,0.0,0.0016,0.0058,0.0098,0.012,0.0154,0.0196
CD8 T cells FoxP3+_stromal_pP38,0.0,0.0,0.0,0.0044,0.0362,0.0682,0.093,0.1086,0.123,0.1482
CD8 T cells FoxP3+_stromal_VEGF,0.0,0.0,0.0,0.005,0.0212,0.0344,0.0386,0.0414,0.0474,0.0566
CD8 T cells FoxP3+_stromal_GranzymeB,0.0,0.0,0.0002,0.0002,0.001,0.002,0.0036,0.0052,0.0076,0.0098
CD8 T cells FoxP3+_stromal_Ki67,0.0,0.0,0.0,0.0,0.0,0.0004,0.001,0.002,0.0026,0.003
CD8 T cells FoxP3+_stromal_HLA-DR,0.0,0.0,0.0,0.0018,0.0082,0.017,0.0218,0.031,0.0388,0.046
CD4 T cells HLA-DR+_glandfront_ERa,0.0,0.0,0.0,0.0074,0.123,0.3262,0.4374,0.5024,0.5538,0.603
CD4 T cells HLA-DR+_glandfront_PR,0.0,0.0,0.0002,0.0006,0.001,0.0016,0.0028,0.0032,0.0044,0.006
CD4 T cells HLA-DR+_glandfront_pP38,0.0,0.0,0.0,0.0006,0.0036,0.0048,0.0076,0.0098,0.013,0.016
CD4 T cells HLA-DR+_glandfront_VEGF,0.0,0.0,0.0018,0.1234,0.3698,0.4932,0.5158,0.534,0.5624,0.6016
CD4 T cells HLA-DR+_glandfront_GranzymeB,0.0,0.0,0.0,0.0,0.0002,0.003,0.0082,0.0118,0.0166,0.0236
CD4 T cells HLA-DR+_glandfront_Ki67,0.0,0.0,0.0,0.0008,0.0086,0.0188,0.0258,0.0308,0.0396,0.0464
CD4 T cells HLA-DR+_glandfront_TIM3,0.0,0.0,0.001,0.0074,0.0104,0.0156,0.0202,0.0234,0.0284,0.0356
CD4 T cells HLA-DR+_glandfront_HLA-DR,0.0,0.0,0.0054,0.0118,0.0114,0.0126,0.015,0.0186,0.0238,0.0338
CD4 T cells HLA-DR+_stromal_ERa,0.0,0.0,0.009,0.0098,0.0082,0.0074,0.0068,0.0072,0.0092,0.012
CD4 T cells HLA-DR+_stromal_PR,0.0,0.0,0.077,0.245,0.3354,0.3326,0.3356,0.351,0.376,0.4116
CD4 T cells HLA-DR+_stromal_pP38,0.0,0.0,0.0028,0.0276,0.0972,0.1792,0.223,0.2514,0.285,0.3232
CD4 T cells HLA-DR+_stromal_VEGF,0.0,0.0,0.0008,0.0048,0.0314,0.0584,0.0736,0.0876,0.0986,0.116
CD4 T cells HLA-DR+_stromal_GranzymeB,0.0,0.0002,0.0172,0.0246,0.0286,0.0264,0.0258,0.0264,0.03,0.0362
CD4 T cells HLA-DR+_stromal_Ki67,0.0,0.0008,0.0386,0.0804,0.1284,0.1566,0.1552,0.1564,0.162,0.1742
CD4 T cells HLA-DR+_stromal_TIM3,0.0,0.0,0.0494,0.1878,0.3368,0.3836,0.3912,0.399,0.4146,0.439
CD4 T cells HLA-DR+_stromal_HLA-DR,0.0,0.0,0.0444,0.0958,0.0924,0.0906,0.094,0.1028,0.1172,0.1368
CD8 T cells HLA-DR+_glandfront_ERa,0.0,0.0,0.0,0.0082,0.0596,0.1126,0.1368,0.1498,0.1636,0.1802
CD8 T cells HLA-DR+_glandfront_PR,0.0,0.0,0.0,0.0008,0.0078,0.022,0.0324,0.0382,0.0474,0.0538
CD8 T cells HLA-DR+_glandfront_pP38,0.0,0.0,0.0006,0.014,0.0396,0.0602,0.067,0.0752,0.0876,0.1002
CD8 T cells HLA-DR+_glandfront_VEGF,0.0,0.0,0.0,0.0008,0.0054,0.0118,0.0146,0.0196,0.023,0.0298
CD8 T cells HLA-DR+_glandfront_GranzymeB,0.0,0.0,0.0004,0.0008,0.0028,0.0072,0.0096,0.0118,0.0144,0.0162
CD8 T cells HLA-DR+_glandfront_Ki67,0.0,0.0,0.0006,0.0002,0.0,0.0008,0.0022,0.0038,0.0044,0.005
CD8 T cells HLA-DR+_glandfront_TIM3,0.0,0.0,0.0536,0.2312,0.4342,0.553,0.6008,0.6266,0.6532,0.681
CD8 T cells HLA-DR+_glandfront_HLA-DR,0.0,0.0,0.0,0.0012,0.007,0.0128,0.0152,0.0184,0.019,0.0234
CD8 T cells HLA-DR+_intragland_ERa,0.0,0.0,0.001,0.0194,0.056,0.0938,0.1318,0.1574,0.1828,0.2098
CD8 T cells HLA-DR+_intragland_PR,0.0,0.0,0.0,0.0034,0.007,0.0138,0.022,0.029,0.036,0.0446
CD8 T cells HLA-DR+_intragland_pP38,0.0,0.0,0.0006,0.0058,0.0156,0.0398,0.0788,0.1098,0.1358,0.1676
CD8 T cells HLA-DR+_intragland_VEGF,0.0,0.0,0.0004,0.0082,0.0124,0.0166,0.0212,0.027,0.0316,0.0374
CD8 T cells HLA-DR+_intragland_GranzymeB,0.0,0.0,0.0016,0.0168,0.0176,0.0226,0.028,0.032,0.0356,0.0404
CD8 T cells HLA-DR+_intragland_Ki67,0.0,0.0,0.0024,0.0122,0.0204,0.0268,0.0346,0.0382,0.042,0.0476
CD8 T cells HLA-DR+_intragland_HLA-DR,0.0,0.0,0.0002,0.0112,0.0384,0.0712,0.0984,0.1266,0.1482,0.1712
CD8 T cells HLA-DR+_stromal_ERa,0.0,0.0,0.0008,0.0018,0.0048,0.0122,0.0182,0.0242,0.0284,0.034
CD8 T cells HLA-DR+_stromal_PR,0.0,0.0,0.0,0.0006,0.0018,0.004,0.006,0.0062,0.009,0.0124
CD8 T cells HLA-DR+_stromal_pP38,0.0,0.0,0.0,0.0032,0.0316,0.0834,0.1224,0.1508,0.1754,0.2056
CD8 T cells HLA-DR+_stromal_VEGF,0.0,0.0,0.0,0.0048,0.0304,0.0494,0.065,0.078,0.0878,0.1004
CD8 T cells HLA-DR+_stromal_GranzymeB,0.0,0.0,0.0006,0.0012,0.0042,0.0066,0.0092,0.0128,0.0158,0.02
CD8 T cells HLA-DR+_stromal_Ki67,0.0,0.0002,0.015,0.0198,0.0202,0.0238,0.0274,0.028,0.0322,0.0372
CD8 T cells HLA-DR+_stromal_TIM3,0.0,0.0,0.0002,0.0012,0.0086,0.0238,0.0408,0.0548,0.065,0.0824
CD8 T cells HLA-DR+_stromal_HLA-DR,0.0,0.0,0.003,0.0048,0.0056,0.0064,0.0082,0.0096,0.0122,0.0152
CD4 T cells CD80/CD86+_glandfront_ERa,0.0,0.0,0.001,0.0346,0.0768,0.0802,0.0734,0.0724,0.0732,0.0746
CD4 T cells CD80/CD86+_glandfront_PR,0.0,0.0,0.0004,0.001,0.0014,0.0038,0.0082,0.0106,0.0148,0.0192
CD4 T cells CD80/CD86+_glandfront_pP38,0.0,0.0,0.0002,0.0004,0.0008,0.0028,0.0056,0.0068,0.0086,0.0102
CD4 T cells CD80/CD86+_glandfront_VEGF,0.0,0.0,0.001,0.0112,0.0162,0.0178,0.0192,0.0202,0.0226,0.0262
CD4 T cells CD80/CD86+_glandfront_GranzymeB,0.0,0.0,0.0,0.005,0.0136,0.0182,0.0248,0.029,0.0312,0.0358
CD4 T cells CD80/CD86+_glandfront_Ki67,0.0,0.0,0.0304,0.0718,0.075,0.061,0.0482,0.0438,0.0442,0.0468
CD4 T cells CD80/CD86+_glandfront_HLA-DR,0.0,0.0,0.0006,0.0208,0.0886,0.161,0.2078,0.242,0.2712,0.301
CD4 T cells CD80/CD86+_intragland_ERa,0.0,0.0,0.0004,0.0014,0.0022,0.0028,0.0034,0.004,0.005,0.0074
CD4 T cells CD80/CD86+_intragland_PR,0.0,0.0,0.0,0.0,0.0,0.0004,0.0016,0.0028,0.0044,0.006
CD4 T cells CD80/CD86+_intragland_pP38,0.0,0.0,0.0002,0.0002,0.0002,0.0002,0.0012,0.0014,0.0034,0.0052
CD4 T cells CD80/CD86+_intragland_VEGF,0.0,0.0,0.0002,0.0,0.0002,0.0012,0.0034,0.0062,0.0094,0.0142
CD4 T cells CD80/CD86+_intragland_GranzymeB,0.0,0.0,0.0008,0.0034,0.0026,0.0046,0.008,0.014,0.02,0.0282
CD4 T cells CD80/CD86+_intragland_Ki67,0.0,0.0,0.0046,0.023,0.0422,0.0492,0.054,0.0568,0.0576,0.0628
CD4 T cells CD80/CD86+_stromal_ERa,0.0,0.0,0.031,0.095,0.1494,0.1698,0.182,0.1916,0.2044,0.2252
CD4 T cells CD80/CD86+_stromal_PR,0.0,0.0,0.0002,0.0002,0.0002,0.0004,0.0006,0.0008,0.001,0.0016
CD4 T cells CD80/CD86+_stromal_pP38,0.0,0.0,0.0,0.0,0.0004,0.0012,0.002,0.0032,0.0042,0.0054
CD4 T cells CD80/CD86+_stromal_VEGF,0.0,0.0,0.0002,0.0012,0.0078,0.0244,0.0304,0.0396,0.0452,0.0496
CD4 T cells CD80/CD86+_stromal_GranzymeB,0.0,0.0,0.0002,0.0024,0.0096,0.0158,0.0218,0.0282,0.0332,0.0446
CD4 T cells CD80/CD86+_stromal_Ki67,0.0,0.0004,0.002,0.0044,0.011,0.013,0.0162,0.0206,0.0268,0.0342
CD4 T cells CD80/CD86+_stromal_HLA-DR,0.0,0.0,0.0374,0.2104,0.313,0.352,0.3754,0.3988,0.423,0.4532
CD8 T cells CD80/CD86+_glandfront_ERa,0.0,0.0,0.0,0.0002,0.0012,0.0026,0.0042,0.0056,0.007,0.008
CD8 T cells CD80/CD86+_glandfront_PR,0.0,0.0,0.0,0.0,0.0002,0.001,0.0012,0.0018,0.0024,0.0038
CD8 T cells CD80/CD86+_glandfront_pP38,0.0,0.0,0.0004,0.0034,0.0104,0.0242,0.0322,0.0378,0.0452,0.0528
CD8 T cells CD80/CD86+_glandfront_VEGF,0.0,0.0,0.0118,0.0392,0.0244,0.0228,0.0226,0.0242,0.0268,0.0308
CD8 T cells CD80/CD86+_glandfront_GranzymeB,0.0,0.0,0.0,0.001,0.0132,0.0298,0.0344,0.039,0.0472,0.0538
CD8 T cells CD80/CD86+_glandfront_Ki67,0.0,0.0,0.0,0.0012,0.009,0.0252,0.0386,0.0468,0.055,0.0672
CD8 T cells CD80/CD86+_glandfront_HLA-DR,0.0,0.0,0.0,0.0104,0.0546,0.101,0.1262,0.1394,0.1522,0.1702
CD8 T cells CD80/CD86+_intragland_ERa,0.0,0.0,0.0278,0.1604,0.265,0.3586,0.4074,0.4308,0.4478,0.4686
CD8 T cells CD80/CD86+_intragland_PR,0.0,0.0,0.002,0.0024,0.002,0.0032,0.0048,0.0064,0.0106,0.0142
CD8 T cells CD80/CD86+_intragland_pP38,0.0,0.0,0.0,0.0016,0.0064,0.0126,0.0176,0.0204,0.0234,0.0298
CD8 T cells CD80/CD86+_intragland_VEGF,0.0,0.0,0.0002,0.0062,0.0862,0.227,0.3182,0.3642,0.4024,0.4416
CD8 T cells CD80/CD86+_intragland_GranzymeB,0.0,0.0,0.0008,0.0138,0.0344,0.0516,0.0642,0.0714,0.0804,0.0936
CD8 T cells CD80/CD86+_intragland_HLA-DR,0.0,0.0,0.0006,0.0024,0.004,0.0082,0.0186,0.0276,0.0364,0.0496
CD8 T cells CD80/CD86+_stromal_ERa,0.0,0.0,0.0012,0.0024,0.0062,0.0092,0.014,0.019,0.0258,0.038
CD8 T cells CD80/CD86+_stromal_PR,0.0,0.0,0.0004,0.0024,0.0108,0.0192,0.0202,0.0242,0.0284,0.0342
CD8 T cells CD80/CD86+_stromal_pP38,0.0,0.0,0.0,0.0,0.0002,0.0002,0.0008,0.001,0.0012,0.0012
CD8 T cells CD80/CD86+_stromal_VEGF,0.0,0.0,0.0,0.0,0.0004,0.001,0.0026,0.004,0.0052,0.0088
CD8 T cells CD80/CD86+_stromal_GranzymeB,0.0,0.0,0.0008,0.0076,0.0712,0.139,0.18,0.2086,0.2482,0.312
CD8 T cells CD80/CD86+_stromal_Ki67,0.0,0.0,0.0,0.0008,0.0036,0.0062,0.0096,0.0126,0.016,0.0194
CD8 T cells CD80/CD86+_stromal_HLA-DR,0.0,0.0,0.0006,0.0018,0.0076,0.0142,0.0192,0.023,0.0296,0.0354
CD4 T cells CD11b+_glandfront_ERa,0.0,0.0,0.0016,0.0044,0.0132,0.0192,0.0208,0.02,0.0226,0.028
CD4 T cells CD11b+_glandfront_PR,0.0,0.0,0.0076,0.0476,0.1702,0.2756,0.332,0.365,0.3958,0.4192
CD4 T cells CD11b+_glandfront_pP38,0.0,0.0,0.0002,0.0016,0.006,0.0134,0.026,0.0342,0.0478,0.064
CD4 T cells CD11b+_glandfront_VEGF,0.0,0.0,0.0,0.0046,0.0042,0.0036,0.0032,0.0048,0.0052,0.007
CD4 T cells CD11b+_glandfront_GranzymeB,0.0,0.0,0.0,0.0004,0.0052,0.0124,0.0178,0.0234,0.0268,0.03
CD4 T cells CD11b+_glandfront_Ki67,0.0,0.0002,0.0136,0.0364,0.1334,0.2134,0.2476,0.2612,0.2806,0.2966
CD4 T cells CD11b+_glandfront_TIM3,0.0,0.0,0.0,0.0028,0.0144,0.03,0.037,0.0448,0.0528,0.0624
CD4 T cells CD11b+_glandfront_HLA-DR,0.0,0.0,0.0,0.0072,0.046,0.0722,0.085,0.0926,0.0982,0.1116
CD4 T cells CD11b+_intragland_ERa,0.0,0.0002,0.0092,0.0702,0.1468,0.2088,0.2384,0.2512,0.2578,0.2688
CD4 T cells CD11b+_intragland_PR,0.0,0.0,0.0018,0.0436,0.1834,0.2926,0.342,0.3638,0.3822,0.3994
CD4 T cells CD11b+_stromal_ERa,0.0,0.0,0.0,0.001,0.0012,0.0014,0.002,0.0024,0.0028,0.004
CD4 T cells CD11b+_stromal_PR,0.0,0.0,0.0006,0.0034,0.004,0.0034,0.0042,0.0084,0.0118,0.016
CD4 T cells CD11b+_stromal_pP38,0.0,0.0,0.0,0.0024,0.0394,0.0954,0.1442,0.1758,0.2026,0.2306
CD4 T cells CD11b+_stromal_VEGF,0.0,0.0,0.0,0.0002,0.001,0.0012,0.0018,0.0022,0.0022,0.0026
CD4 T cells CD11b+_stromal_GranzymeB,0.0,0.0,0.0054,0.027,0.0774,0.1128,0.122,0.1332,0.1444,0.1632
CD4 T cells CD11b+_stromal_Ki67,0.0,0.0,0.0092,0.0246,0.0682,0.1046,0.1194,0.13,0.1416,0.158
CD4 T cells CD11b+_stromal_TIM3,0.0,0.0,0.0002,0.0038,0.014,0.027,0.034,0.0398,0.0464,0.055
CD4 T cells CD11b+_stromal_HLA-DR,0.0,0.0,0.02,0.0474,0.054,0.0584,0.0574,0.0616,0.068,0.0752
CD8 T cells CD11b+_glandfront_ERa,0.0,0.0,0.0008,0.0012,0.0008,0.001,0.0016,0.0018,0.002,0.003
CD8 T cells CD11b+_glandfront_PR,0.0,0.0,0.002,0.0026,0.0028,0.006,0.0116,0.0178,0.0228,0.0316
CD8 T cells CD11b+_glandfront_pP38,0.0,0.0,0.0,0.021,0.1458,0.2464,0.2832,0.3074,0.3316,0.3544
CD8 T cells CD11b+_glandfront_VEGF,0.0,0.0,0.0,0.0032,0.0032,0.0032,0.0028,0.0028,0.0036,0.004
CD8 T cells CD11b+_glandfront_GranzymeB,0.0,0.0,0.0,0.0008,0.0012,0.0022,0.0044,0.0056,0.0076,0.0108
CD8 T cells CD11b+_glandfront_Ki67,0.0,0.0,0.0,0.0028,0.0126,0.0232,0.0312,0.0404,0.0494,0.061
CD8 T cells CD11b+_glandfront_HLA-DR,0.0,0.0,0.0074,0.0238,0.0224,0.025,0.0288,0.0314,0.0376,0.0422
CD8 T cells CD11b+_intragland_ERa,0.0,0.0002,0.0046,0.0336,0.0664,0.0804,0.0842,0.0908,0.096,0.1022
CD8 T cells CD11b+_intragland_PR,0.0,0.0,0.0032,0.0344,0.0662,0.079,0.0864,0.0894,0.0962,0.1068
CD8 T cells CD11b+_intragland_GranzymeB,0.0,0.0,0.0048,0.0344,0.0682,0.0814,0.0846,0.0924,0.0974,0.1048
CD8 T cells CD11b+_stromal_ERa,0.0,0.0,0.0,0.0,0.0004,0.002,0.0034,0.0038,0.0038,0.004
CD8 T cells CD11b+_stromal_PR,0.0,0.0,0.0,0.0016,0.0064,0.0164,0.0236,0.0288,0.0356,0.0426
CD8 T cells CD11b+_stromal_pP38,0.0,0.0,0.0,0.0028,0.0088,0.0148,0.0194,0.0228,0.0256,0.0276
CD8 T cells CD11b+_stromal_VEGF,0.0,0.0,0.0,0.0008,0.0018,0.0028,0.0052,0.0066,0.0094,0.0126
CD8 T cells CD11b+_stromal_GranzymeB,0.0,0.0,0.0,0.0012,0.0062,0.015,0.0192,0.0238,0.0278,0.033
CD8 T cells CD11b+_stromal_Ki67,0.0,0.0,0.0032,0.0272,0.0526,0.0756,0.0944,0.1022,0.1066,0.1144
CD8 T cells CD11b+_stromal_TIM3,0.0,0.0,0.0012,0.0174,0.016,0.0178,0.0188,0.0182,0.0212,0.0244
CD8 T cells CD11b+_stromal_HLA-DR,0.0,0.0,0.0,0.002,0.0052,0.0104,0.013,0.0178,0.0198,0.0226
Stroma mesenchymal_glandfront_ERa,0.0,0.0,0.0,0.0,0.0006,0.0012,0.002,0.0024,0.0032,0.0042
Stroma mesenchymal_glandfront_PR,0.0,0.0,0.0,0.0,0.0,0.0,0.0,0.0,0.0,0.0
Stroma mesenchymal_glandfront_pP38,0.0,0.0,0.0,0.0,0.0,0.0,0.0,0.0,0.0,0.0
Stroma mesenchymal_glandfront_VEGF,0.0,0.0,0.0,0.0002,0.0008,0.0008,0.0006,0.0008,0.001,0.001
Stroma mesenchymal_glandfront_GranzymeB,0.0,0.0,0.0006,0.0044,0.0192,0.0414,0.0604,0.0726,0.087,0.1068
Stroma mesenchymal_glandfront_Ki67,0.0,0.0,0.0026,0.0056,0.0112,0.0126,0.0152,0.0174,0.0216,0.0288
Stroma mesenchymal_glandfront_HLA-DR,0.0,0.0,0.003,0.0342,0.109,0.1634,0.191,0.2148,0.2398,0.277
Stroma mesenchymal_stromal_ERa,0.0,0.0,0.0,0.0004,0.0052,0.0084,0.0116,0.0122,0.0154,0.0238
Stroma mesenchymal_stromal_PR,0.0,0.0,0.0,0.0,0.0,0.0,0.0,0.0,0.0,0.0
Stroma mesenchymal_stromal_pP38,0.0,0.0,0.0,0.0,0.0,0.0,0.0,0.0,0.0,0.0
Stroma mesenchymal_stromal_VEGF,0.0,0.0,0.0002,0.0128,0.013,0.0102,0.0072,0.0066,0.008,0.0118
Stroma mesenchymal_stromal_GranzymeB,0.0,0.0,0.0,0.0,0.0002,0.0004,0.0008,0.001,0.0012,0.0014
Stroma mesenchymal_stromal_Ki67,0.0,0.0,0.0,0.0004,0.0024,0.005,0.0072,0.0086,0.0116,0.0144
Stroma mesenchymal_stromal_HLA-DR,0.0,0.0,0.0006,0.004,0.009,0.0166,0.0218,0.027,0.0324,0.04
Stroma vascular endothelium_glandfront_ERa,0.0,0.0,0.0,0.0,0.0006,0.001,0.002,0.004,0.0066,0.0088
Stroma vascular endothelium_glandfront_PR,0.0,0.0,0.0008,0.0292,0.1764,0.2976,0.3472,0.3744,0.3962,0.4186
Stroma vascular endothelium_glandfront_pP38,0.0,0.0,0.0,0.0002,0.0,0.0008,0.0012,0.002,0.0044,0.0062
Stroma vascular endothelium_glandfront_VEGF,0.0,0.0,0.0006,0.0164,0.0198,0.0184,0.0176,0.0206,0.0234,0.0304
Stroma vascular endothelium_glandfront_GranzymeB,0.0,0.0,0.0016,0.0118,0.0378,0.0538,0.054,0.0578,0.0684,0.0794
Stroma vascular endothelium_glandfront_Ki67,0.0,0.0008,0.0432,0.0564,0.0722,0.0826,0.0888,0.0876,0.0932,0.1048
Stroma vascular endothelium_glandfront_HLA-DR,0.0,0.0,0.0012,0.0074,0.0178,0.033,0.0526,0.066,0.082,0.1016
Stroma vascular endothelium_stromal_ERa,0.0,0.0,0.0,0.0,0.0002,0.0006,0.0012,0.0028,0.0044,0.0056
Stroma vascular endothelium_stromal_PR,0.0,0.0,0.0,0.0004,0.0,0.0008,0.0038,0.0064,0.0116,0.0164
Stroma vascular endothelium_stromal_pP38,0.0,0.0,0.0,0.0,0.0002,0.0008,0.0014,0.0016,0.0018,0.0032
Stroma vascular endothelium_stromal_VEGF,0.0,0.0,0.0,0.0018,0.0098,0.0128,0.0132,0.0154,0.0198,0.0296
Stroma vascular endothelium_stromal_GranzymeB,0.0,0.0,0.0002,0.0,0.0002,0.0,0.0,0.0002,0.0002,0.0
Stroma vascular endothelium_stromal_Ki67,0.0,0.001,0.0184,0.0098,0.018,0.0284,0.0326,0.036,0.0406,0.0444
Stroma vascular endothelium_stromal_HLA-DR,0.0,0.0,0.0,0.0,0.0012,0.0052,0.0086,0.0122,0.0176,0.0244
Stroma fibroblast_glandfront_ERa,0.0,0.0,0.0,0.0006,0.0482,0.1282,0.1714,0.1986,0.229,0.2626
Stroma fibroblast_glandfront_PR,0.0,0.0,0.0,0.0016,0.0114,0.0336,0.0496,0.0648,0.0784,0.0976
Stroma fibroblast_glandfront_pP38,0.0,0.0,0.0,0.0004,0.003,0.0052,0.0082,0.0104,0.0128,0.0194
Stroma fibroblast_glandfront_VEGF,0.0,0.0,0.0002,0.0184,0.06,0.0718,0.0784,0.0884,0.1108,0.1432
Stroma fibroblast_glandfront_GranzymeB,0.0,0.0,0.0012,0.0026,0.0068,0.009,0.0108,0.0132,0.0162,0.0214
Stroma fibroblast_glandfront_Ki67,0.0,0.0,0.0042,0.0032,0.0028,0.002,0.0018,0.0018,0.0022,0.0032
Stroma fibroblast_glandfront_HLA-DR,0.0,0.0,0.0,0.0,0.0014,0.0038,0.0046,0.0058,0.0088,0.0112
Stroma fibroblast_stromal_ERa,0.0,0.0,0.0,0.0,0.0,0.0002,0.0004,0.0008,0.0024,0.004
Stroma fibroblast_stromal_PR,0.0,0.0,0.0,0.0,0.0,0.0002,0.0002,0.0002,0.0002,0.0006
Stroma fibroblast_stromal_pP38,0.0,0.0,0.0,0.0,0.0,0.0,0.0,0.0,0.0,0.0
Stroma fibroblast_stromal_VEGF,0.0,0.0,0.0,0.0,0.0002,0.0006,0.0004,0.0004,0.0006,0.0008
Stroma fibroblast_stromal_GranzymeB,0.0,0.0,0.0228,0.0534,0.1386,0.1934,0.2252,0.2448,0.2692,0.3012
Stroma fibroblast_stromal_Ki67,0.0,0.0002,0.0024,0.0028,0.0078,0.014,0.0188,0.0224,0.0256,0.0352
Stroma fibroblast_stromal_HLA-DR,0.0,0.0,0.0,0.0,0.0004,0.0024,0.0058,0.0112,0.0166,0.022
NK cells CD56brCD16-_glandfront_ERa,0.0,0.0,0.0,0.001,0.005,0.0054,0.0046,0.0034,0.0044,0.0052
NK cells CD56brCD16-_glandfront_PR,0.0,0.0,0.0,0.0002,0.0012,0.0032,0.0056,0.0082,0.0106,0.0162
NK cells CD56brCD16-_glandfront_pP38,0.0,0.0,0.01,0.1496,0.2434,0.2388,0.2272,0.2168,0.2192,0.2306
NK cells CD56brCD16-_glandfront_VEGF,0.0,0.0,0.001,0.044,0.0636,0.0692,0.0744,0.078,0.0828,0.0966
NK cells CD56brCD16-_glandfront_GranzymeB,0.0,0.0,0.0,0.0014,0.0124,0.034,0.0512,0.0604,0.0688,0.0806
NK cells CD56brCD16-_glandfront_Ki67,0.0,0.0,0.0,0.031,0.1844,0.3008,0.338,0.3584,0.3834,0.411
NK cells CD56brCD16-_glandfront_TIM3,0.0,0.0,0.002,0.068,0.1498,0.179,0.1782,0.1768,0.1842,0.1966
NK cells CD56brCD16-_glandfront_HLA-DR,0.0,0.0,0.0002,0.0042,0.0236,0.0404,0.048,0.0554,0.0624,0.0726
NK cells CD56brCD16-_stromal_ERa,0.0,0.0,0.001,0.002,0.0044,0.0072,0.0086,0.0112,0.015,0.018
NK cells CD56brCD16-_stromal_PR,0.0,0.0,0.0008,0.0088,0.0318,0.056,0.0676,0.0766,0.094,0.1124
NK cells CD56brCD16-_stromal_pP38,0.0,0.0,0.0,0.0,0.0014,0.0036,0.0058,0.0084,0.0118,0.013
NK cells CD56brCD16-_stromal_VEGF,0.0,0.0,0.0,0.0002,0.0012,0.0056,0.0132,0.0178,0.025,0.0338
NK cells CD56brCD16-_stromal_GranzymeB,0.0,0.0,0.0002,0.0018,0.0036,0.0058,0.0076,0.0094,0.0136,0.016
NK cells CD56brCD16-_stromal_Ki67,0.0,0.0,0.002,0.1488,0.3686,0.4498,0.4716,0.4824,0.4904,0.511
NK cells CD56brCD16-_stromal_HLA-DR,0.0,0.0002,0.06,0.2286,0.3892,0.4936,0.5502,0.5838,0.621,0.6518
NK cells CD56dimCD16+_glandfront_ERa,0.0,0.0,0.0004,0.0038,0.0296,0.0706,0.0916,0.1044,0.1178,0.1326
NK cells CD56dimCD16+_glandfront_PR,0.0,0.0,0.0,0.0012,0.011,0.0308,0.052,0.0644,0.0756,0.0928
NK cells CD56dimCD16+_glandfront_pP38,0.0,0.0,0.0004,0.0064,0.018,0.0264,0.031,0.0374,0.0412,0.0478
NK cells CD56dimCD16+_glandfront_VEGF,0.0,0.0,0.0002,0.0016,0.002,0.0038,0.0048,0.0076,0.0098,0.0118
NK cells CD56dimCD16+_glandfront_GranzymeB,0.0,0.0,0.0012,0.0244,0.0418,0.0356,0.0302,0.0282,0.027,0.0306
NK cells CD56dimCD16+_glandfront_Ki67,0.0,0.0,0.0036,0.0406,0.1398,0.2144,0.248,0.2682,0.2862,0.3058
NK cells CD56dimCD16+_glandfront_TIM3,0.0,0.0,0.0022,0.023,0.0588,0.0806,0.0924,0.1038,0.1128,0.1254
NK cells CD56dimCD16+_glandfront_HLA-DR,0.0,0.0002,0.0122,0.061,0.0762,0.0786,0.0812,0.087,0.0966,0.1078
NK cells CD56dimCD16+_intragland_ERa,0.0,0.0,0.001,0.0472,0.176,0.349,0.4536,0.5074,0.5454,0.582
NK cells CD56dimCD16+_intragland_PR,0.0,0.0,0.0,0.0022,0.0144,0.0216,0.0258,0.0338,0.0412,0.059
NK cells CD56dimCD16+_intragland_pP38,0.0,0.0,0.0,0.0012,0.0096,0.0182,0.0314,0.0444,0.056,0.0684
NK cells CD56dimCD16+_stromal_ERa,0.0,0.0,0.0,0.0,0.0,0.0002,0.0004,0.0004,0.0008,0.001
NK cells CD56dimCD16+_stromal_PR,0.0,0.0,0.0006,0.0016,0.0048,0.0082,0.0116,0.016,0.021,0.0294
NK cells CD56dimCD16+_stromal_pP38,0.0,0.0,0.0,0.0,0.0002,0.0016,0.0024,0.0042,0.0054,0.0092
NK cells CD56dimCD16+_stromal_VEGF,0.0,0.0,0.0,0.0008,0.0014,0.002,0.0034,0.004,0.0044,0.007
NK cells CD56dimCD16+_stromal_GranzymeB,0.0,0.0,0.001,0.0014,0.0012,0.0012,0.001,0.0012,0.0012,0.0012
NK cells CD56dimCD16+_stromal_Ki67,0.0,0.0,0.0,0.0402,0.1844,0.2366,0.2598,0.2734,0.289,0.318
NK cells CD56dimCD16+_stromal_TIM3,0.0,0.0,0.0,0.0,0.0018,0.003,0.005,0.005,0.006,0.0076
NK cells CD56dimCD16+_stromal_HLA-DR,0.0,0.0,0.0,0.0008,0.0114,0.023,0.0304,0.0368,0.0434,0.0506
NK cells CD56brCD16-NKG2AhiTIM3hi_stromal_ERa,0.0,0.0,0.0,0.002,0.0194,0.0444,0.0588,0.068,0.077,0.0884
NK cells CD56brCD16-NKG2AhiTIM3hi_stromal_PR,0.0,0.0,0.0004,0.0016,0.0096,0.0162,0.0206,0.0298,0.036,0.0448
NK cells CD56brCD16-NKG2AhiTIM3hi_stromal_pP38,0.0,0.0,0.0,0.0006,0.0094,0.0242,0.0378,0.053,0.0674,0.0872
NK cells CD56brCD16-NKG2AhiTIM3hi_stromal_VEGF,0.0,0.0,0.0,0.0,0.0002,0.0022,0.004,0.0052,0.0068,0.009
NK cells CD56brCD16-NKG2AhiTIM3hi_stromal_GranzymeB,0.0,0.0,0.0002,0.0054,0.023,0.0376,0.0428,0.0438,0.0478,0.0552
NK cells CD56brCD16-NKG2AhiTIM3hi_stromal_Ki67,0.0,0.0,0.0,0.012,0.0622,0.0916,0.095,0.1004,0.1068,0.1214
NK cells CD56brCD16-NKG2AhiTIM3hi_stromal_TIM3,0.0,0.0,0.0018,0.0154,0.047,0.0798,0.1016,0.1162,0.1262,0.1444
NK cells CD56brCD16-NKG2AhiTIM3hi_stromal_HLA-DR,0.0,0.0,0.0296,0.0958,0.1622,0.211,0.2428,0.2664,0.2884,0.325
NK cells CD56brCD16-TIM3hi_glandfront_ERa,0.0,0.0,0.0002,0.0242,0.0758,0.0802,0.0788,0.0762,0.078,0.0828
NK cells CD56brCD16-TIM3hi_glandfront_PR,0.0,0.0,0.0,0.0028,0.0102,0.0212,0.0324,0.0398,0.0522,0.0684
NK cells CD56brCD16-TIM3hi_glandfront_pP38,0.0,0.0,0.0636,0.3536,0.4328,0.4584,0.4582,0.4658,0.4724,0.4944
NK cells CD56brCD16-TIM3hi_glandfront_VEGF,0.0,0.0,0.0098,0.0758,0.0384,0.0246,0.0228,0.0238,0.026,0.0294
NK cells CD56brCD16-TIM3hi_glandfront_GranzymeB,0.0,0.0,0.0006,0.0186,0.0748,0.1528,0.2104,0.2516,0.2812,0.3144
NK cells CD56brCD16-TIM3hi_glandfront_Ki67,0.0,0.0,0.001,0.0892,0.1808,0.2132,0.2162,0.2152,0.2198,0.2324
NK cells CD56brCD16-TIM3hi_glandfront_TIM3,0.0,0.0,0.0022,0.0354,0.038,0.0432,0.0466,0.0514,0.0548,0.0584
NK cells CD56brCD16-TIM3hi_glandfront_CD27,0.0,0.0,0.0068,0.0764,0.1282,0.1362,0.134,0.1332,0.134,0.138
NK cells CD56brCD16-TIM3hi_glandfront_HLA-DR,0.0,0.0,0.0,0.0004,0.0006,0.0024,0.0048,0.007,0.011,0.0172
NK cells CD56brCD16-TIM3hi_stromal_ERa,0.0,0.0,0.0,0.0,0.001,0.0012,0.0026,0.0024,0.004,0.0062
NK cells CD56brCD16-TIM3hi_stromal_PR,0.0,0.0,0.0,0.0024,0.0114,0.0216,0.0254,0.0306,0.0364,0.0444
NK cells CD56brCD16-TIM3hi_stromal_pP38,0.0,0.0,0.0,0.0014,0.031,0.1,0.158,0.2008,0.2424,0.2896
NK cells CD56brCD16-TIM3hi_stromal_VEGF,0.0,0.0,0.0,0.0052,0.0076,0.0074,0.0078,0.008,0.012,0.0136
NK cells CD56brCD16-TIM3hi_stromal_GranzymeB,0.0,0.0,0.0,0.0,0.0,0.0,0.0002,0.0004,0.0008,0.0014
NK cells CD56brCD16-TIM3hi_stromal_Ki67,0.0,0.0,0.0,0.0448,0.1018,0.132,0.1452,0.1618,0.1776,0.1918
NK cells CD56brCD16-TIM3hi_stromal_TIM3,0.0,0.0,0.0,0.0002,0.0024,0.0102,0.0146,0.0216,0.0296,0.0398
NK cells CD56brCD16-TIM3hi_stromal_HLA-DR,0.0,0.0,0.0,0.0,0.0004,0.002,0.0064,0.0104,0.0134,0.0196
NK cells CD56dimCD16+CD9hi_glandfront_ERa,0.0,0.0,0.0,0.0004,0.0018,0.0038,0.0056,0.0064,0.0072,0.0094
NK cells CD56dimCD16+CD9hi_glandfront_PR,0.0,0.0,0.0,0.0,0.0002,0.0028,0.0054,0.0068,0.0076,0.0096
NK cells CD56dimCD16+CD9hi_glandfront_pP38,0.0,0.0,0.0,0.0,0.0024,0.0054,0.0078,0.0088,0.0132,0.0186
NK cells CD56dimCD16+CD9hi_glandfront_VEGF,0.0,0.0,0.0002,0.001,0.0002,0.0002,0.0004,0.0002,0.0002,0.0006
NK cells CD56dimCD16+CD9hi_glandfront_GranzymeB,0.0,0.0,0.0,0.0046,0.0326,0.0672,0.0902,0.1082,0.125,0.1434
NK cells CD56dimCD16+CD9hi_glandfront_Ki67,0.0,0.0,0.0002,0.0006,0.0008,0.0016,0.0022,0.003,0.0046,0.007
NK cells CD56dimCD16+CD9hi_glandfront_HLA-DR,0.0,0.0,0.0,0.0002,0.0006,0.0028,0.0038,0.005,0.0054,0.007
NK cells CD56dimCD16+CD9hi_intragland_ERa,0.0,0.0,0.001,0.01,0.0204,0.0232,0.0282,0.0326,0.04,0.0468
NK cells CD56dimCD16+CD9hi_intragland_PR,0.0,0.0,0.0008,0.0034,0.005,0.0094,0.0116,0.0146,0.0188,0.0224
NK cells CD56dimCD16+CD9hi_intragland_pP38,0.0,0.0,0.0024,0.0746,0.178,0.2072,0.2074,0.2042,0.2122,0.2274
NK cells CD56dimCD16+CD9hi_intragland_VEGF,0.0,0.0,0.0002,0.0018,0.0212,0.0356,0.0482,0.0544,0.0622,0.072
NK cells CD56dimCD16+CD9hi_intragland_GranzymeB,0.0,0.0,0.0008,0.005,0.0106,0.0168,0.0206,0.0242,0.028,0.032
NK cells CD56dimCD16+CD9hi_intragland_Ki67,0.0,0.0,0.0018,0.0126,0.0106,0.0078,0.0066,0.0072,0.0072,0.008
NK cells CD56dimCD16+CD9hi_intragland_HLA-DR,0.0,0.0,0.0004,0.0038,0.004,0.0082,0.0104,0.0118,0.0128,0.0164
NK cells CD56dimCD16+CD9hi_stromal_ERa,0.0,0.0,0.0,0.0,0.0,0.0,0.0,0.0,0.0,0.0
NK cells CD56dimCD16+CD9hi_stromal_PR,0.0,0.0,0.0006,0.0004,0.0058,0.0122,0.0212,0.0292,0.0402,0.0522
NK cells CD56dimCD16+CD9hi_stromal_pP38,0.0,0.0,0.0,0.0,0.0,0.0,0.0,0.0002,0.0004,0.0006
NK cells CD56dimCD16+CD9hi_stromal_VEGF,0.0,0.0,0.0,0.0,0.0,0.0,0.0,0.0,0.0,0.0
NK cells CD56dimCD16+CD9hi_stromal_GranzymeB,0.0,0.0,0.0012,0.0064,0.034,0.058,0.0674,0.0748,0.0856,0.1052
NK cells CD56dimCD16+CD9hi_stromal_Ki67,0.0,0.0,0.0,0.0,0.0,0.0,0.0,0.0,0.0,0.0
NK cells CD56dimCD16+CD9hi_stromal_NKG2C,0.0,0.0016,0.113,0.352,0.5386,0.545,0.5358,0.5266,0.5282,0.53
NK cells CD56dimCD16+CD9hi_stromal_HLA-DR,0.0,0.0,0.0,0.0,0.0,0.0,0.0,0.0,0.0,0.0
NK cells CD56brCD16-CD9hi_glandfront_ERa,0.0,0.0,0.0002,0.0,0.0,0.0004,0.0004,0.0004,0.001,0.002
NK cells CD56brCD16-CD9hi_glandfront_PR,0.0,0.0,0.0,0.001,0.0054,0.01,0.0154,0.019,0.0238,0.0332
NK cells CD56brCD16-CD9hi_glandfront_pP38,0.0,0.0,0.0,0.008,0.0642,0.1116,0.1334,0.147,0.16,0.1832
NK cells CD56brCD16-CD9hi_glandfront_VEGF,0.0,0.0,0.0,0.0002,0.0008,0.002,0.0038,0.0052,0.0054,0.0076
NK cells CD56brCD16-CD9hi_glandfront_GranzymeB,0.0,0.0,0.0112,0.0188,0.0184,0.019,0.0214,0.025,0.0284,0.0374
NK cells CD56brCD16-CD9hi_glandfront_Ki67,0.0,0.0,0.0034,0.0054,0.0124,0.0194,0.026,0.0316,0.0384,0.0472
NK cells CD56brCD16-CD9hi_glandfront_TIM3,0.0,0.0,0.0034,0.0204,0.041,0.0538,0.0596,0.0696,0.0762,0.086
NK cells CD56brCD16-CD9hi_glandfront_HLA-DR,0.0,0.0,0.0246,0.074,0.1202,0.1596,0.1876,0.2062,0.2242,0.2462
NK cells CD56brCD16-CD9hi_stromal_ERa,0.0,0.0,0.0,0.001,0.0076,0.0268,0.042,0.052,0.062,0.0782
NK cells CD56brCD16-CD9hi_stromal_PR,0.0,0.0,0.0,0.0002,0.0018,0.003,0.0028,0.0032,0.0038,0.007
NK cells CD56brCD16-CD9hi_stromal_pP38,0.0,0.0,0.0002,0.0004,0.012,0.046,0.071,0.0924,0.1176,0.144
NK cells CD56brCD16-CD9hi_stromal_VEGF,0.0,0.0,0.0,0.0,0.0008,0.0056,0.0116,0.018,0.021,0.0274
NK cells CD56brCD16-CD9hi_stromal_GranzymeB,0.0,0.0,0.0008,0.0072,0.0238,0.0318,0.0372,0.039,0.0438,0.05
NK cells CD56brCD16-CD9hi_stromal_Ki67,0.0,0.0,0.0,0.0554,0.242,0.3088,0.3352,0.3532,0.3736,0.4062
NK cells CD56brCD16-CD9hi_stromal_HLA-DR,0.0,0.0,0.0,0.0,0.0002,0.0002,0.0008,0.0014,0.0022,0.0032
Macrophages M1-like_glandfront_ERa,0.0,0.0,0.0,0.0,0.0006,0.0026,0.002,0.003,0.0046,0.0076
Macrophages M1-like_glandfront_PR,0.0,0.0,0.0,0.0,0.0,0.0004,0.001,0.002,0.0046,0.0052
Macrophages M1-like_glandfront_pP38,0.0,0.0,0.0,0.0,0.0,0.0002,0.0006,0.0012,0.0022,0.0032
Macrophages M1-like_glandfront_VEGF,0.0,0.0,0.0,0.0002,0.0,0.0,0.0,0.0,0.0,0.0
Macrophages M1-like_glandfront_GranzymeB,0.0,0.0,0.0008,0.0046,0.0274,0.0456,0.0478,0.0526,0.0586,0.0674
Macrophages M1-like_glandfront_Ki67,0.0,0.0,0.0004,0.0002,0.0002,0.0004,0.0012,0.0014,0.0018,0.0026
Macrophages M1-like_glandfront_TIM3,0.0,0.0,0.0008,0.0026,0.01,0.018,0.0264,0.0348,0.0428,0.0512
Macrophages M1-like_glandfront_HLA-DR,0.0,0.0002,0.0112,0.044,0.0572,0.0486,0.0462,0.0466,0.051,0.0526
Macrophages M1-like_stromal_ERa,0.0,0.0,0.0,0.0,0.0,0.0,0.0,0.0,0.0,0.0
Macrophages M1-like_stromal_PR,0.0,0.0,0.0,0.0006,0.0046,0.0124,0.0208,0.0252,0.0332,0.0462
Macrophages M1-like_stromal_pP38,0.0,0.0,0.0,0.0,0.0,0.0,0.0,0.0,0.0,0.0004
Macrophages M1-like_stromal_VEGF,0.0,0.0,0.0,0.0,0.0,0.0,0.0,0.0,0.0,0.0
Macrophages M1-like_stromal_GranzymeB,0.0,0.0002,0.0102,0.0178,0.0502,0.0504,0.043,0.0418,0.0426,0.0506
Macrophages M1-like_stromal_Ki67,0.0,0.0002,0.0104,0.0082,0.01,0.0114,0.0118,0.012,0.014,0.0162
Macrophages M1-like_stromal_TIM3,0.0,0.0,0.0,0.0,0.0012,0.0022,0.004,0.0056,0.0078,0.0112
Macrophages M1-like_stromal_HLA-DR,0.0,0.0,0.016,0.0388,0.0676,0.0956,0.1046,0.1162,0.1364,0.158
Macrophages M2-like_glandfront_ERa,0.0,0.0,0.0,0.0,0.0,0.0,0.001,0.0016,0.0028,0.007
Macrophages M2-like_glandfront_PR,0.0,0.0,0.0,0.0,0.0,0.0004,0.0016,0.0026,0.0052,0.0076
Macrophages M2-like_glandfront_pP38,0.0,0.0,0.0,0.0042,0.026,0.0378,0.0386,0.044,0.05,0.0568
Macrophages M2-like_glandfront_VEGF,0.0,0.0,0.0,0.0002,0.0004,0.0004,0.001,0.0006,0.0014,0.0024
Macrophages M2-like_glandfront_GranzymeB,0.0,0.0,0.0,0.0002,0.0016,0.0044,0.0068,0.0094,0.0108,0.014
Macrophages M2-like_glandfront_Ki67,0.0,0.0,0.0004,0.0,0.0002,0.0002,0.0002,0.0004,0.0006,0.0008
Macrophages M2-like_glandfront_TIM3,0.0,0.0,0.0,0.0374,0.1566,0.2114,0.219,0.2232,0.2244,0.2378
Macrophages M2-like_glandfront_HLA-DR,0.0,0.0,0.0,0.001,0.023,0.062,0.0752,0.0846,0.0956,0.1112
Macrophages M2-like_stromal_ERa,0.0,0.0,0.0,0.0,0.0,0.0,0.0,0.0,0.0,0.0004
Macrophages M2-like_stromal_PR,0.0,0.0,0.0,0.0,0.0,0.0,0.0,0.0002,0.0004,0.002
Macrophages M2-like_stromal_pP38,0.0,0.0,0.0,0.0,0.0,0.0,0.0,0.0,0.0,0.0002
Macrophages M2-like_stromal_VEGF,0.0,0.0,0.0,0.0024,0.0064,0.0078,0.0088,0.0116,0.0152,0.0256
Macrophages M2-like_stromal_GranzymeB,0.0,0.0,0.0,0.0,0.0,0.0004,0.0012,0.001,0.0014,0.0018
Macrophages M2-like_stromal_Ki67,0.0,0.0,0.0,0.0,0.0,0.0002,0.0,0.0002,0.0002,0.0006
Macrophages M2-like_stromal_TIM3,0.0,0.0,0.0,0.0004,0.0216,0.0602,0.0844,0.1076,0.1294,0.1596
Macrophages M2-like_stromal_HLA-DR,0.0,0.0,0.0012,0.0022,0.0026,0.004,0.0062,0.0088,0.0114,0.0142
Macrophages M1/M2_glandfront_ERa,0.0,0.0,0.0002,0.0008,0.0104,0.023,0.0306,0.0344,0.0416,0.0472
Macrophages M1/M2_glandfront_PR,0.0,0.0,0.0,0.0002,0.0026,0.0066,0.0074,0.012,0.017,0.0224
Macrophages M1/M2_glandfront_pP38,0.0,0.0,0.0004,0.012,0.0226,0.0362,0.05,0.0578,0.066,0.0784
Macrophages M1/M2_glandfront_VEGF,0.0,0.0,0.0,0.0006,0.0034,0.0078,0.0106,0.0134,0.016,0.0196
Macrophages M1/M2_glandfront_GranzymeB,0.0,0.0,0.0436,0.1616,0.2714,0.3044,0.3168,0.3322,0.3434,0.3656
Macrophages M1/M2_glandfront_Ki67,0.0,0.0,0.0002,0.0006,0.0012,0.0046,0.0062,0.0094,0.0114,0.016
Macrophages M1/M2_glandfront_TIM3,0.0,0.0,0.0006,0.0078,0.024,0.042,0.0538,0.0664,0.0776,0.0892
Macrophages M1/M2_glandfront_HLA-DR,0.0,0.0,0.0,0.0032,0.0318,0.0868,0.1266,0.1558,0.1744,0.1996
Macrophages M1/M2_stromal_ERa,0.0,0.0,0.0186,0.0238,0.0246,0.0312,0.0332,0.0374,0.0428,0.056
Macrophages M1/M2_stromal_PR,0.0,0.0,0.0052,0.0402,0.1342,0.1932,0.2076,0.2236,0.2434,0.2728
Macrophages M1/M2_stromal_pP38,0.0,0.0,0.0,0.0002,0.0034,0.0208,0.043,0.07,0.0894,0.1182
Macrophages M1/M2_stromal_VEGF,0.0,0.0,0.0,0.001,0.0066,0.0176,0.0274,0.0324,0.0388,0.0478
Macrophages M1/M2_stromal_GranzymeB,0.0,0.0018,0.1624,0.2964,0.3504,0.3108,0.2744,0.2566,0.2602,0.282
Macrophages M1/M2_stromal_Ki67,0.0,0.0,0.0022,0.0018,0.003,0.0064,0.0084,0.0094,0.0112,0.0114
Macrophages M1/M2_stromal_TIM3,0.0,0.0,0.008,0.0412,0.1014,0.1684,0.2084,0.23,0.2556,0.2818
Macrophages M1/M2_stromal_HLA-DR,0.0,0.0,0.0734,0.1734,0.2214,0.261,0.2924,0.3106,0.328,0.3514
Macrophages MDSC_glandfront_ERa,0.0,0.0,0.0,0.0016,0.0006,0.0016,0.001,0.0012,0.0016,0.0024
Macrophages MDSC_glandfront_PR,0.0,0.0,0.0002,0.003,0.0168,0.0334,0.0472,0.0648,0.0938,0.138
Macrophages MDSC_glandfront_pP38,0.0,0.0,0.0088,0.1724,0.4106,0.541,0.5838,0.6148,0.6436,0.6742
Macrophages MDSC_glandfront_VEGF,0.0,0.0,0.0002,0.0002,0.0004,0.0004,0.0012,0.0016,0.0026,0.0034
Macrophages MDSC_glandfront_GranzymeB,0.0,0.0,0.0008,0.0876,0.2028,0.263,0.283,0.2942,0.3116,0.3354
Macrophages MDSC_glandfront_Ki67,0.0,0.0,0.0,0.0012,0.0108,0.0214,0.0268,0.0276,0.0314,0.0354
Macrophages MDSC_glandfront_TIM3,0.0,0.0,0.0004,0.0082,0.011,0.0086,0.009,0.0098,0.0116,0.0166
Macrophages MDSC_glandfront_HLA-DR,0.0,0.0,0.0,0.002,0.013,0.0396,0.072,0.099,0.1196,0.142
Macrophages MDSC_stromal_ERa,0.0,0.0,0.0,0.0,0.0,0.0004,0.0008,0.0016,0.0036,0.0066
Macrophages MDSC_stromal_PR,0.0,0.0,0.0,0.0002,0.001,0.0056,0.0128,0.0216,0.0324,0.0458
Macrophages MDSC_stromal_pP38,0.0,0.0,0.0,0.0,0.0,0.0012,0.001,0.0012,0.0016,0.003
Macrophages MDSC_stromal_VEGF,0.0,0.0,0.0,0.0,0.0004,0.001,0.0014,0.002,0.003,0.0038
Macrophages MDSC_stromal_GranzymeB,0.0,0.0,0.0,0.0016,0.0122,0.0236,0.037,0.0432,0.0492,0.057
Macrophages MDSC_stromal_Ki67,0.0,0.0,0.0,0.002,0.0346,0.0812,0.11,0.129,0.1426,0.1712
Macrophages MDSC_stromal_TIM3,0.0,0.0,0.0016,0.0204,0.0904,0.1794,0.2406,0.2818,0.3128,0.343
Macrophages MDSC_stromal_HLA-DR,0.0,0.0,0.0118,0.052,0.0796,0.0952,0.107,0.1134,0.127,0.145
Dendritic Cells CD86+_glandfront_ERa,0.0,0.0,0.0,0.0036,0.0364,0.0864,0.1164,0.1364,0.1534,0.1724
Dendritic Cells CD86+_glandfront_PR,0.0,0.0,0.0002,0.0004,0.0014,0.0034,0.0054,0.0066,0.0092,0.0128
Dendritic Cells CD86+_glandfront_pP38,0.0,0.0,0.0002,0.0074,0.0136,0.0176,0.0216,0.0238,0.0274,0.0336
Dendritic Cells CD86+_glandfront_VEGF,0.0,0.0,0.0064,0.06,0.1118,0.1498,0.1732,0.1882,0.1994,0.2186
Dendritic Cells CD86+_glandfront_GranzymeB,0.0,0.0,0.0004,0.014,0.024,0.0396,0.0464,0.0508,0.0592,0.071
Dendritic Cells CD86+_glandfront_Ki67,0.0,0.0,0.0,0.0074,0.0456,0.0946,0.1212,0.1374,0.151,0.1646
Dendritic Cells CD86+_glandfront_HLA-DR,0.0,0.0,0.0,0.0044,0.023,0.0484,0.0662,0.0818,0.0962,0.114
Dendritic Cells CD86+_intragland_ERa,0.0,0.0,0.001,0.0044,0.01,0.013,0.0146,0.0154,0.0162,0.0174
Dendritic Cells CD86+_intragland_PR,0.0,0.0,0.0012,0.0098,0.0314,0.0604,0.0792,0.0938,0.106,0.1184
Dendritic Cells CD86+_intragland_pP38,0.0,0.0,0.0004,0.0052,0.0216,0.0372,0.0464,0.0516,0.0554,0.0612
Dendritic Cells CD86+_stromal_ERa,0.0,0.0,0.0002,0.0034,0.0158,0.03,0.0402,0.0468,0.0536,0.0594
Dendritic Cells CD86+_stromal_PR,0.0,0.0,0.0004,0.0026,0.0028,0.0036,0.0052,0.0058,0.0072,0.0092
Dendritic Cells CD86+_stromal_pP38,0.0,0.0,0.0,0.0006,0.0014,0.0026,0.0034,0.0054,0.0068,0.0074
Dendritic Cells CD86+_stromal_VEGF,0.0,0.0,0.0004,0.0134,0.068,0.1388,0.1816,0.2066,0.2276,0.246
Dendritic Cells CD86+_stromal_GranzymeB,0.0,0.0,0.0024,0.0142,0.022,0.0222,0.0246,0.0252,0.0278,0.0318
Dendritic Cells CD86+_stromal_Ki67,0.0,0.0,0.0162,0.0714,0.1278,0.1614,0.1738,0.1816,0.194,0.2112
Dendritic Cells CD86+_stromal_HLA-DR,0.0,0.0,0.005,0.035,0.0568,0.0664,0.0658,0.0668,0.07,0.0776
Dendritic Cells CD33+_glandfront_ERa,0.0,0.0,0.0012,0.007,0.0226,0.0276,0.0258,0.0258,0.0264,0.0318
Dendritic Cells CD33+_glandfront_PR,0.0,0.0,0.0,0.0018,0.0094,0.0148,0.0156,0.0178,0.0194,0.0236
Dendritic Cells CD33+_glandfront_pP38,0.0,0.0,0.0002,0.0054,0.0166,0.0284,0.0362,0.0406,0.0466,0.055
Dendritic Cells CD33+_glandfront_VEGF,0.0,0.0,0.0002,0.0014,0.0126,0.0326,0.0446,0.0542,0.0618,0.0738
Dendritic Cells CD33+_glandfront_GranzymeB,0.0,0.0,0.0026,0.012,0.0226,0.0236,0.021,0.0212,0.0226,0.0266
Dendritic Cells CD33+_glandfront_Ki67,0.0,0.0,0.0078,0.0274,0.0476,0.0532,0.056,0.0588,0.0594,0.0672
Dendritic Cells CD33+_glandfront_HLA-DR,0.0,0.0,0.0048,0.0362,0.0868,0.1052,0.1076,0.1138,0.1176,0.1272
Dendritic Cells CD33+_intragland_ERa,0.0,0.0,0.0,0.0032,0.0192,0.0478,0.074,0.0988,0.123,0.1506
Dendritic Cells CD33+_intragland_PR,0.0,0.0,0.0,0.0004,0.0094,0.0366,0.0782,0.117,0.1476,0.1828
Dendritic Cells CD33+_intragland_pP38,0.0,0.0,0.0002,0.003,0.0128,0.0224,0.0252,0.0282,0.0316,0.0348
Dendritic Cells CD33+_intragland_VEGF,0.0,0.0,0.004,0.035,0.075,0.0862,0.09,0.092,0.0982,0.1046
Dendritic Cells CD33+_intragland_GranzymeB,0.0,0.0,0.0006,0.0136,0.0498,0.0874,0.112,0.1288,0.149,0.1684
Dendritic Cells CD33+_intragland_Ki67,0.0,0.0006,0.0132,0.0676,0.1392,0.158,0.1554,0.1516,0.1544,0.1636
Dendritic Cells CD33+_intragland_HLA-DR,0.0,0.0,0.0002,0.0024,0.005,0.0072,0.0062,0.007,0.0086,0.009
Dendritic Cells CD33+_stromal_ERa,0.0,0.0,0.0,0.0034,0.0484,0.0992,0.124,0.1414,0.1624,0.1888
Dendritic Cells CD33+_stromal_PR,0.0,0.0,0.0,0.0004,0.0046,0.0156,0.03,0.041,0.053,0.0742
Dendritic Cells CD33+_stromal_pP38,0.0,0.0,0.0006,0.0716,0.2252,0.2782,0.2696,0.27,0.2796,0.3012
Dendritic Cells CD33+_stromal_VEGF,0.0,0.0,0.0,0.0002,0.0028,0.0054,0.0086,0.0116,0.0174,0.0242
Dendritic Cells CD33+_stromal_GranzymeB,0.0,0.0,0.0046,0.0112,0.008,0.0068,0.0064,0.0072,0.0094,0.0112
Dendritic Cells CD33+_stromal_Ki67,0.0,0.0004,0.0052,0.0044,0.006,0.0148,0.0218,0.0266,0.031,0.0364
Dendritic Cells CD33+_stromal_HLA-DR,0.0,0.0,0.0,0.0112,0.133,0.309,0.3874,0.426,0.4608,0.5044
Dendritic Cells CD209CD86dp_glandfront_ERa,0.0,0.0,0.0,0.009,0.0564,0.1384,0.2014,0.2476,0.2852,0.3226
Dendritic Cells CD209CD86dp_glandfront_PR,0.0,0.0,0.0,0.0008,0.0028,0.0106,0.0176,0.0222,0.029,0.0356
Dendritic Cells CD209CD86dp_glandfront_pP38,0.0,0.0,0.0008,0.0172,0.0478,0.063,0.0622,0.0648,0.0678,0.0736
Dendritic Cells CD209CD86dp_glandfront_VEGF,0.0,0.0,0.0024,0.0352,0.0954,0.1508,0.1906,0.22,0.2408,0.2666
Dendritic Cells CD209CD86dp_glandfront_GranzymeB,0.0,0.0,0.0002,0.001,0.006,0.018,0.0242,0.0298,0.0366,0.0466
Dendritic Cells CD209CD86dp_glandfront_Ki67,0.0,0.0002,0.0154,0.0384,0.0604,0.0736,0.0826,0.0898,0.0948,0.1072
Dendritic Cells CD209CD86dp_glandfront_HLA-DR,0.0,0.0,0.0004,0.008,0.0258,0.0388,0.0446,0.0484,0.0524,0.0588
Dendritic Cells CD209CD86dp_stromal_ERa,0.0,0.0,0.0,0.0062,0.036,0.0644,0.0804,0.0898,0.1,0.113
Dendritic Cells CD209CD86dp_stromal_PR,0.0,0.0,0.0,0.0006,0.0034,0.0118,0.023,0.033,0.0436,0.057
Dendritic Cells CD209CD86dp_stromal_pP38,0.0,0.0,0.0006,0.0122,0.043,0.0806,0.1014,0.11,0.1228,0.1434
Dendritic Cells CD209CD86dp_stromal_VEGF,0.0,0.0,0.0,0.0002,0.0006,0.0044,0.0098,0.0144,0.0204,0.0252
Dendritic Cells CD209CD86dp_stromal_GranzymeB,0.0,0.0,0.0,0.0,0.0016,0.003,0.0046,0.0056,0.0066,0.0102
Dendritic Cells CD209CD86dp_stromal_Ki67,0.0,0.0,0.0,0.002,0.0226,0.04,0.044,0.0488,0.0522,0.056
Dendritic Cells CD209CD86dp_stromal_HLA-DR,0.0,0.0,0.0,0.0034,0.0114,0.0182,0.0222,0.025,0.0284,0.0322
Dendritic Cells CD209CD33dp_glandfront_ERa,0.0,0.0,0.0014,0.0062,0.0128,0.022,0.0268,0.031,0.0386,0.0474
Dendritic Cells CD209CD33dp_glandfront_PR,0.0,0.0,0.0,0.0004,0.0042,0.0084,0.0136,0.0178,0.0216,0.0304
Dendritic Cells CD209CD33dp_glandfront_pP38,0.0,0.0,0.0,0.002,0.0066,0.012,0.019,0.0214,0.0268,0.0332
Dendritic Cells CD209CD33dp_glandfront_VEGF,0.0,0.0,0.0,0.0002,0.0018,0.0042,0.0064,0.009,0.0112,0.0164
Dendritic Cells CD209CD33dp_glandfront_GranzymeB,0.0,0.0,0.0088,0.0346,0.0704,0.0892,0.1068,0.1234,0.137,0.1622
Dendritic Cells CD209CD33dp_glandfront_Ki67,0.0,0.0006,0.0444,0.0608,0.043,0.0326,0.029,0.031,0.0316,0.0362
Dendritic Cells CD209CD33dp_glandfront_HLA-DR,0.0,0.0,0.0006,0.0106,0.0296,0.0396,0.0458,0.0498,0.0568,0.0642
Dendritic Cells CD209CD33dp_stromal_ERa,0.0,0.0,0.0,0.0002,0.0014,0.004,0.0098,0.016,0.0198,0.028
Dendritic Cells CD209CD33dp_stromal_PR,0.0,0.0,0.0,0.0002,0.0016,0.01,0.0286,0.044,0.0594,0.083
Dendritic Cells CD209CD33dp_stromal_pP38,0.0,0.0,0.0,0.0,0.001,0.0042,0.0084,0.0108,0.014,0.0238
Dendritic Cells CD209CD33dp_stromal_VEGF,0.0,0.0,0.0,0.0006,0.0016,0.0022,0.0026,0.0038,0.0038,0.006
Dendritic Cells CD209CD33dp_stromal_GranzymeB,0.0,0.0,0.0396,0.0938,0.117,0.1096,0.106,0.1058,0.1114,0.1228
Dendritic Cells CD209CD33dp_stromal_Ki67,0.0,0.0004,0.0042,0.0034,0.0036,0.004,0.0038,0.0048,0.0058,0.0084
Dendritic Cells CD209CD33dp_stromal_HLA-DR,0.0,0.0,0.0,0.0008,0.0046,0.0102,0.0144,0.0168,0.0232,0.028
Dendritic Cells CD86CD33dp_glandfront_ERa,0.0,0.0,0.0004,0.0248,0.0678,0.0806,0.0828,0.0844,0.0888,0.0984
Dendritic Cells CD86CD33dp_glandfront_PR,0.0,0.0,0.0004,0.0064,0.0376,0.0944,0.1436,0.1808,0.218,0.2652
Dendritic Cells CD86CD33dp_glandfront_pP38,0.0,0.0,0.0068,0.0748,0.2494,0.382,0.4418,0.477,0.5138,0.5576
Dendritic Cells CD86CD33dp_glandfront_VEGF,0.0,0.0,0.026,0.141,0.1704,0.1548,0.15,0.1496,0.1564,0.1712
Dendritic Cells CD86CD33dp_glandfront_GranzymeB,0.0,0.0,0.0,0.0004,0.0024,0.0098,0.0144,0.0176,0.0242,0.0292
Dendritic Cells CD86CD33dp_glandfront_Ki67,0.0,0.0,0.001,0.0026,0.0024,0.0046,0.006,0.0084,0.0114,0.0148
Dendritic Cells CD86CD33dp_glandfront_HLA-DR,0.0,0.0,0.0,0.0168,0.0662,0.1452,0.2152,0.2722,0.3302,0.3868
Dendritic Cells CD86CD33dp_stromal_ERa,0.0,0.0,0.0,0.0012,0.0164,0.0356,0.0528,0.0666,0.081,0.0974
Dendritic Cells CD86CD33dp_stromal_PR,0.0,0.0,0.0004,0.002,0.006,0.006,0.0062,0.0088,0.0086,0.0102
Dendritic Cells CD86CD33dp_stromal_pP38,0.0,0.0,0.0012,0.0198,0.0984,0.1512,0.1772,0.1938,0.2088,0.2306
Dendritic Cells CD86CD33dp_stromal_VEGF,0.0,0.0,0.0,0.0024,0.0278,0.0568,0.074,0.0864,0.096,0.1102
Dendritic Cells CD86CD33dp_stromal_GranzymeB,0.0,0.0,0.0062,0.0352,0.0506,0.0498,0.0474,0.0458,0.0524,0.0576
Dendritic Cells CD86CD33dp_stromal_Ki67,0.0,0.0,0.0008,0.0532,0.1872,0.2506,0.2724,0.279,0.287,0.3002
Dendritic Cells CD86CD33dp_stromal_HLA-DR,0.0,0.0,0.0,0.0008,0.004,0.0084,0.0122,0.0162,0.018,0.0232
Neutrophils_glandfront_ERa,0.0,0.0,0.0052,0.0252,0.0632,0.099,0.1162,0.1294,0.143,0.1632
Neutrophils_glandfront_PR,0.0,0.0,0.0024,0.0362,0.1682,0.2824,0.3378,0.3706,0.399,0.4424
Neutrophils_glandfront_pP38,0.0,0.0,0.0,0.0018,0.0268,0.073,0.117,0.1454,0.1734,0.2122
Neutrophils_glandfront_VEGF,0.0,0.0,0.0,0.0034,0.0074,0.008,0.011,0.0124,0.0136,0.0186
Neutrophils_glandfront_GranzymeB,0.0,0.0,0.0002,0.0228,0.0348,0.0404,0.0494,0.0542,0.0618,0.0696
Neutrophils_glandfront_Ki67,0.0,0.0002,0.002,0.0044,0.0074,0.006,0.0064,0.0064,0.0084,0.0126
Neutrophils_glandfront_HLA-DR,0.0,0.0,0.0022,0.0034,0.0058,0.0106,0.0146,0.0202,0.0234,0.0278
Neutrophils_stromal_ERa,0.0,0.0,0.0,0.001,0.0312,0.0584,0.0696,0.0756,0.0822,0.088
Neutrophils_stromal_PR,0.0,0.0,0.0,0.0002,0.0008,0.0044,0.0082,0.0112,0.017,0.0246
Neutrophils_stromal_pP38,0.0,0.0,0.0,0.0002,0.0006,0.0014,0.0012,0.0014,0.0016,0.0018
Neutrophils_stromal_VEGF,0.0,0.0,0.0,0.0064,0.0118,0.0116,0.0128,0.0144,0.0178,0.021
Neutrophils_stromal_GranzymeB,0.0,0.0,0.0004,0.0328,0.0656,0.0818,0.0924,0.1,0.1124,0.1244
Neutrophils_stromal_Ki67,0.0,0.0,0.0,0.0602,0.2174,0.274,0.2898,0.2976,0.3056,0.3158
Neutrophils_stromal_HLA-DR,0.0,0.0,0.0,0.0002,0.0008,0.0012,0.0024,0.0042,0.0064,0.007
NKT_glandfront_ERa,0.0,0.0,0.0,0.0,0.0014,0.0034,0.0038,0.005,0.0076,0.009
NKT_glandfront_PR,0.0,0.0,0.0,0.0004,0.003,0.0058,0.011,0.0142,0.0178,0.0242
NKT_glandfront_pP38,0.0,0.0,0.0,0.0008,0.0048,0.0082,0.0104,0.0126,0.016,0.0214
NKT_glandfront_VEGF,0.0,0.0,0.0,0.0002,0.001,0.0018,0.003,0.003,0.0052,0.0078
NKT_glandfront_GranzymeB,0.0,0.0,0.0004,0.0018,0.003,0.0054,0.007,0.0084,0.0132,0.0172
NKT_glandfront_Ki67,0.0,0.007,0.1914,0.2738,0.2856,0.2908,0.3,0.3128,0.3346,0.3636
NKT_glandfront_TIM3,0.0,0.0,0.0032,0.1072,0.1834,0.2136,0.2186,0.2272,0.236,0.2494
NKT_glandfront_HLA-DR,0.0,0.0,0.0002,0.0006,0.0016,0.0094,0.0154,0.022,0.0272,0.0318
aSMA-br fibroblast_glandfront_ERa,0.0,0.0,0.0,0.0,0.0,0.0012,0.002,0.003,0.0044,0.0064
aSMA-br fibroblast_glandfront_PR,0.0,0.0,0.0,0.0,0.001,0.008,0.0174,0.0276,0.0432,0.0672
aSMA-br fibroblast_glandfront_pP38,0.0,0.0,0.0,0.0056,0.0264,0.0488,0.0696,0.088,0.1076,0.1398
aSMA-br fibroblast_glandfront_VEGF,0.0,0.0,0.001,0.027,0.0442,0.041,0.0482,0.0588,0.0706,0.091
aSMA-br fibroblast_glandfront_GranzymeB,0.0,0.0,0.0,0.0,0.0,0.0,0.0,0.0,0.0,0.0
aSMA-br fibroblast_glandfront_Ki67,0.0,0.0,0.0002,0.0,0.0002,0.0004,0.0014,0.0016,0.0024,0.0036
aSMA-br fibroblast_glandfront_HLA-DR,0.0,0.0,0.0,0.0126,0.1388,0.2642,0.3148,0.344,0.384,0.4334
aSMA-br fibroblast_stromal_ERa,0.0,0.0,0.0,0.0,0.0,0.0,0.0,0.0,0.0,0.0
aSMA-br fibroblast_stromal_PR,0.0,0.0,0.0,0.0,0.0,0.0,0.0,0.0,0.0,0.0004
aSMA-br fibroblast_stromal_pP38,0.0,0.0,0.0,0.0,0.0,0.0,0.0002,0.0008,0.0012,0.0014
aSMA-br fibroblast_stromal_VEGF,0.0,0.0,0.0,0.0,0.0,0.0,0.0,0.0,0.0,0.0
aSMA-br fibroblast_stromal_GranzymeB,0.0,0.0,0.0,0.0,0.0,0.0,0.0,0.0,0.0,0.0
aSMA-br fibroblast_stromal_Ki67,0.0,0.0,0.0,0.0,0.0,0.0,0.0,0.0,0.0,0.0
aSMA-br fibroblast_stromal_HLA-DR,0.0,0.0,0.0,0.0,0.0,0.0008,0.0006,0.001,0.002,0.003
aSMA-br mesenchymal_glandfront_ERa,0.0,0.0,0.0014,0.079,0.2678,0.3334,0.3456,0.3566,0.37,0.3926
aSMA-br mesenchymal_glandfront_PR,0.0,0.0,0.0,0.0002,0.0028,0.0078,0.015,0.021,0.0256,0.0356
aSMA-br mesenchymal_glandfront_pP38,0.0,0.0,0.0,0.0,0.0004,0.0032,0.0064,0.0086,0.0116,0.0168
aSMA-br mesenchymal_glandfront_VEGF,0.0,0.0,0.0048,0.0686,0.0526,0.0364,0.0296,0.0278,0.0294,0.0338
aSMA-br mesenchymal_glandfront_GranzymeB,0.0,0.0,0.0,0.0006,0.003,0.0038,0.0076,0.0082,0.0126,0.0168
aSMA-br mesenchymal_glandfront_Ki67,0.0,0.0,0.0002,0.0086,0.0552,0.0824,0.0936,0.0996,0.1078,0.1252
aSMA-br mesenchymal_glandfront_HLA-DR,0.0,0.0,0.0008,0.0074,0.0274,0.0396,0.0482,0.0508,0.0608,0.0704
aSMA-br mesenchymal_stromal_ERa,0.0,0.0,0.0,0.0,0.0002,0.0004,0.0006,0.0008,0.0016,0.0026
aSMA-br mesenchymal_stromal_PR,0.0,0.0,0.0,0.004,0.0134,0.0222,0.029,0.036,0.0446,0.055
aSMA-br mesenchymal_stromal_pP38,0.0,0.0,0.0,0.0,0.0,0.0002,0.0002,0.0004,0.001,0.0018
aSMA-br mesenchymal_stromal_VEGF,0.0,0.0,0.0,0.0004,0.0008,0.0012,0.0012,0.0016,0.003,0.0028
aSMA-br mesenchymal_stromal_GranzymeB,0.0,0.0,0.0034,0.0244,0.0506,0.0622,0.0676,0.0748,0.0824,0.0956
aSMA-br mesenchymal_stromal_Ki67,0.0,0.0,0.0024,0.0054,0.0078,0.0082,0.0082,0.0084,0.0092,0.0128
aSMA-br mesenchymal_stromal_HLA-DR,0.0,0.0,0.0006,0.0034,0.0064,0.0084,0.012,0.0136,0.0178,0.0228
aSMA-br vascular endothelium_glandfront_ERa,0.0,0.0,0.0,0.0,0.0,0.0,0.0,0.0,0.0002,0.0002
aSMA-br vascular endothelium_glandfront_PR,0.0,0.0,0.0,0.0002,0.0002,0.0002,0.0,0.0004,0.0004,0.0006
aSMA-br vascular endothelium_glandfront_pP38,0.0,0.0,0.0,0.0,0.0,0.0004,0.0016,0.0024,0.0042,0.0058
aSMA-br vascular endothelium_glandfront_VEGF,0.0,0.0,0.0,0.0008,0.001,0.0022,0.0026,0.0032,0.0042,0.0058
aSMA-br vascular endothelium_glandfront_GranzymeB,0.0,0.0,0.0032,0.0078,0.0216,0.0368,0.0486,0.058,0.0686,0.0828
aSMA-br vascular endothelium_glandfront_Ki67,0.0,0.0,0.0028,0.0012,0.001,0.0004,0.001,0.0016,0.0018,0.0024
aSMA-br vascular endothelium_glandfront_HLA-DR,0.0,0.0,0.0002,0.0,0.0002,0.0014,0.002,0.0026,0.0036,0.005
aSMA-br vascular endothelium_stromal_ERa,0.0,0.0,0.0,0.0,0.0,0.0,0.0,0.0,0.0,0.0002
aSMA-br vascular endothelium_stromal_PR,0.0,0.0,0.0,0.0,0.001,0.0024,0.0058,0.0106,0.017,0.0264
aSMA-br vascular endothelium_stromal_pP38,0.0,0.0,0.0,0.0,0.0,0.0,0.0,0.0,0.0,0.0
aSMA-br vascular endothelium_stromal_VEGF,0.0,0.0,0.0,0.0,0.0,0.0,0.0,0.0,0.0,0.0
aSMA-br vascular endothelium_stromal_GranzymeB,0.0,0.0,0.0058,0.0116,0.043,0.0614,0.077,0.0872,0.1046,0.1348
aSMA-br vascular endothelium_stromal_Ki67,0.0,0.0,0.0,0.0,0.0,0.0,0.0,0.0,0.0,0.0002
aSMA-br vascular endothelium_stromal_HLA-DR,0.0,0.0,0.0004,0.0,0.0002,0.0002,0.0002,0.0006,0.001,0.002
Gland glandular epithelium_glandfront_ERa,0.0,0.0,0.0,0.0,0.001,0.0054,0.0082,0.0108,0.0154,0.0202
Gland glandular epithelium_glandfront_PR,0.0,0.0,0.0,0.0004,0.0012,0.0016,0.0022,0.003,0.0038,0.005
Gland glandular epithelium_glandfront_pP38,0.0,0.0,0.0,0.0002,0.001,0.0044,0.0094,0.0144,0.0192,0.026
Gland glandular epithelium_glandfront_VEGF,0.0,0.0,0.0,0.0006,0.0048,0.008,0.0158,0.0216,0.0288,0.0404
Gland glandular epithelium_glandfront_GranzymeB,0.0,0.0,0.001,0.004,0.0084,0.0126,0.0182,0.021,0.0262,0.0316
Gland glandular epithelium_glandfront_Ki67,0.0,0.0006,0.0092,0.0018,0.0008,0.0004,0.0008,0.0008,0.0008,0.0008
Gland glandular epithelium_glandfront_HLA-DR,0.0,0.0,0.0,0.0,0.001,0.0024,0.0024,0.004,0.0056,0.009
Gland glandular epithelium_intragland_ERa,0.0,0.0,0.0,0.0,0.001,0.002,0.0034,0.0044,0.0064,0.0116
Gland glandular epithelium_intragland_PR,0.0,0.0,0.0002,0.0,0.0004,0.0012,0.0032,0.0046,0.0062,0.0096
Gland glandular epithelium_intragland_pP38,0.0,0.0,0.0,0.0006,0.0014,0.0036,0.0044,0.0052,0.0076,0.0114
Gland glandular epithelium_intragland_VEGF,0.0,0.0,0.0,0.0014,0.006,0.0088,0.0136,0.0184,0.0264,0.043
Gland glandular epithelium_intragland_GranzymeB,0.0,0.0,0.0,0.0002,0.0006,0.002,0.0034,0.0042,0.0078,0.0098
Gland glandular epithelium_intragland_Ki67,0.0,0.0,0.0008,0.0,0.0,0.0046,0.01,0.016,0.022,0.0332
Gland glandular epithelium_intragland_HLA-DR,0.0,0.0,0.0,0.0014,0.0056,0.009,0.0102,0.0142,0.017,0.0222
Gland mesenchymal_glandfront_ERa,0.0,0.0,0.0,0.0052,0.0282,0.0688,0.0976,0.12,0.142,0.177
Gland mesenchymal_glandfront_PR,0.0,0.0,0.0,0.0,0.0,0.0,0.0,0.0,0.0,0.0
Gland mesenchymal_glandfront_pP38,0.0,0.0,0.0,0.0,0.0,0.0,0.0,0.0,0.0,0.0002
Gland mesenchymal_glandfront_VEGF,0.0,0.0,0.005,0.0188,0.0142,0.0156,0.014,0.0164,0.0188,0.024
Gland mesenchymal_glandfront_GranzymeB,0.0,0.0,0.0,0.0,0.0002,0.0022,0.0066,0.0106,0.017,0.025
Gland mesenchymal_glandfront_Ki67,0.0,0.0,0.0008,0.0016,0.0018,0.0016,0.0012,0.0012,0.0018,0.003
Gland mesenchymal_glandfront_HLA-DR,0.0,0.0,0.0,0.0,0.0,0.0002,0.001,0.0012,0.0016,0.0024
Gland mesenchymal_intragland_ERa,0.0,0.0,0.0186,0.25,0.4942,0.5714,0.568,0.5624,0.5712,0.5988
Gland mesenchymal_intragland_PR,0.0,0.0,0.0034,0.0266,0.0724,0.1482,0.221,0.269,0.3064,0.3506
Gland mesenchymal_intragland_pP38,0.0,0.0,0.0054,0.0238,0.0312,0.0574,0.0908,0.1224,0.1536,0.1938
Gland mesenchymal_intragland_VEGF,0.0,0.0,0.0022,0.0028,0.0014,0.0012,0.0006,0.0012,0.0014,0.002
Gland mesenchymal_intragland_GranzymeB,0.0,0.0,0.0,0.001,0.0026,0.0072,0.0102,0.0108,0.0126,0.0156
Gland mesenchymal_intragland_Ki67,0.0,0.0,0.0034,0.0098,0.0132,0.0182,0.0194,0.0216,0.0244,0.0294
Gland mesenchymal_intragland_HLA-DR,0.0,0.0,0.0,0.0014,0.0028,0.0066,0.0122,0.0176,0.0224,0.0296
Gland mesenchymal_stromal_ERa,0.0,0.0,0.0,0.0002,0.0044,0.0158,0.0316,0.0454,0.0566,0.0762
Gland mesenchymal_stromal_PR,0.0,0.0,0.0,0.0002,0.0004,0.0014,0.003,0.0046,0.0064,0.008
Gland mesenchymal_stromal_pP38,0.0,0.0,0.0,0.0002,0.0018,0.0034,0.0076,0.0088,0.0102,0.0122
Gland mesenchymal_stromal_VEGF,0.0,0.0,0.0,0.0,0.0002,0.0002,0.0006,0.0008,0.0018,0.0028
Gland mesenchymal_stromal_GranzymeB,0.0,0.0,0.0046,0.0488,0.1148,0.1304,0.1244,0.127,0.1322,0.143
Gland mesenchymal_stromal_Ki67,0.0,0.0,0.0816,0.2886,0.4926,0.5606,0.579,0.5908,0.6028,0.626
Gland mesenchymal_stromal_HLA-DR,0.0,0.0,0.0102,0.1014,0.233,0.2978,0.3178,0.328,0.34,0.3558
Gland fibroblast_glandfront_ERa,0.0,0.0,0.0,0.0008,0.0252,0.0642,0.0896,0.113,0.1342,0.163
Gland fibroblast_glandfront_PR,0.0,0.0,0.0002,0.0018,0.0238,0.058,0.0838,0.0994,0.1154,0.1366
Gland fibroblast_glandfront_pP38,0.0,0.0,0.0,0.001,0.0032,0.0074,0.0116,0.0154,0.0194,0.0256
Gland fibroblast_glandfront_VEGF,0.0,0.0,0.0032,0.1828,0.2222,0.207,0.205,0.2122,0.2346,0.2642
Gland fibroblast_glandfront_GranzymeB,0.0,0.0,0.0,0.0,0.0,0.0,0.0002,0.0008,0.001,0.0016
Gland fibroblast_glandfront_Ki67,0.0,0.0,0.0,0.0,0.0,0.0006,0.0014,0.0018,0.0026,0.004
Gland fibroblast_glandfront_HLA-DR,0.0,0.0,0.0,0.0002,0.0004,0.0004,0.0012,0.0018,0.0022,0.0026
Gland fibroblast_intragland_ERa,0.0,0.0,0.0002,0.002,0.0024,0.0046,0.011,0.0148,0.0208,0.0262
Gland fibroblast_intragland_PR,0.0,0.0,0.016,0.072,0.1374,0.1562,0.1594,0.1626,0.1716,0.1794
Gland fibroblast_intragland_pP38,0.0,0.0,0.0078,0.0136,0.0118,0.0132,0.0158,0.0196,0.0264,0.0338
Gland fibroblast_intragland_VEGF,0.0,0.0,0.2054,0.5614,0.4028,0.2684,0.228,0.2168,0.22,0.2266
Gland fibroblast_intragland_GranzymeB,0.0,0.0,0.013,0.1608,0.2972,0.307,0.287,0.2722,0.2684,0.2762
Gland fibroblast_intragland_Ki67,0.0,0.0,0.0,0.0006,0.0016,0.0078,0.0122,0.0166,0.021,0.0276
Gland fibroblast_intragland_HLA-DR,0.0,0.0,0.0002,0.0182,0.0768,0.1012,0.1076,0.1182,0.122,0.1396
Gland fibroblast_stromal_ERa,0.0,0.0,0.0,0.0,0.0,0.0002,0.0002,0.0004,0.0008,0.0016
Gland fibroblast_stromal_PR,0.0,0.0,0.0026,0.0442,0.154,0.2644,0.3352,0.3788,0.4084,0.4492
Gland fibroblast_stromal_pP38,0.0,0.0,0.0,0.0006,0.0018,0.0056,0.011,0.018,0.0278,0.0412
Gland fibroblast_stromal_VEGF,0.0,0.0,0.0,0.0034,0.005,0.0036,0.0034,0.003,0.0032,0.004
Gland fibroblast_stromal_GranzymeB,0.0,0.0,0.006,0.0586,0.2118,0.324,0.3662,0.3966,0.4326,0.4818
Gland fibroblast_stromal_Ki67,0.0,0.0,0.0,0.0,0.004,0.0088,0.0146,0.017,0.0224,0.028
Gland fibroblast_stromal_HLA-DR,0.0,0.0,0.0,0.0042,0.0372,0.0804,0.1016,0.1192,0.128,0.1486
Gland vascular endothelium_glandfront_ERa,0.0,0.0,0.0,0.0008,0.0034,0.005,0.006,0.0072,0.0082,0.0122
Gland vascular endothelium_glandfront_PR,0.0,0.0,0.0,0.0028,0.018,0.0416,0.054,0.0606,0.0692,0.0784
Gland vascular endothelium_glandfront_pP38,0.0,0.0,0.0,0.0034,0.0354,0.0878,0.122,0.1458,0.1664,0.1882
Gland vascular endothelium_glandfront_VEGF,0.0,0.0,0.0104,0.0706,0.1016,0.1132,0.1186,0.129,0.1396,0.1538
Gland vascular endothelium_glandfront_GranzymeB,0.0,0.0,0.0,0.0006,0.002,0.0042,0.0066,0.0078,0.0102,0.0118
Gland vascular endothelium_glandfront_Ki67,0.0,0.0,0.0002,0.0032,0.0222,0.042,0.0542,0.063,0.0708,0.0814
Gland vascular endothelium_glandfront_HLA-DR,0.0,0.0,0.0002,0.0016,0.0082,0.0168,0.0258,0.0324,0.0382,0.0466
Gland vascular endothelium_stromal_ERa,0.0,0.0,0.0,0.0002,0.0022,0.0074,0.0144,0.0188,0.0254,0.0302
Gland vascular endothelium_stromal_PR,0.0,0.0,0.0,0.0018,0.0152,0.0378,0.0524,0.0616,0.068,0.0808
Gland vascular endothelium_stromal_pP38,0.0,0.0,0.0006,0.011,0.0182,0.025,0.0334,0.041,0.0472,0.0604
Gland vascular endothelium_stromal_VEGF,0.0,0.0,0.0002,0.0232,0.0276,0.031,0.0306,0.0312,0.0344,0.0368
Gland vascular endothelium_stromal_GranzymeB,0.0,0.0,0.0028,0.0208,0.0762,0.0988,0.1134,0.1198,0.1332,0.1526
Gland vascular endothelium_stromal_Ki67,0.0,0.0,0.0002,0.004,0.035,0.0646,0.0794,0.091,0.1018,0.1138
Gland vascular endothelium_stromal_HLA-DR,0.0,0.0,0.0002,0.0116,0.0326,0.0516,0.06,0.0662,0.077,0.0852
NA_glandfront_ERa,0.0,0.0,0.0,0.0072,0.074,0.1072,0.1088,0.11,0.1138,0.1244
NA_glandfront_PR,0.0,0.0,0.0004,0.0036,0.0208,0.067,0.1064,0.1356,0.1608,0.1864
NA_glandfront_pP38,0.0,0.0,0.0,0.001,0.0078,0.015,0.0216,0.0242,0.0296,0.0356
NA_glandfront_VEGF,0.0,0.0,0.0,0.0012,0.004,0.006,0.008,0.0092,0.0118,0.0136
NA_glandfront_GranzymeB,0.0,0.0,0.0,0.0004,0.0032,0.006,0.0076,0.0094,0.0118,0.0134
NA_glandfront_Ki67,0.0,0.002,0.0936,0.1818,0.2246,0.2384,0.2498,0.2568,0.2702,0.2992
NA_glandfront_TIM3,0.0,0.0,0.0044,0.2012,0.3564,0.4442,0.4916,0.5182,0.5468,0.574
NA_glandfront_HLA-DR,0.0,0.0,0.0,0.0068,0.0372,0.0498,0.0542,0.0532,0.055,0.0642
NA_stromal_ERa,0.0,0.0,0.0,0.0002,0.0032,0.0086,0.0098,0.0112,0.014,0.016
NA_stromal_PR,0.0,0.0,0.0,0.0,0.0004,0.0016,0.0028,0.0038,0.0072,0.009
NA_stromal_pP38,0.0,0.0,0.0,0.0052,0.0202,0.0358,0.0448,0.052,0.0586,0.0682
NA_stromal_VEGF,0.0,0.0,0.0,0.004,0.0068,0.0048,0.005,0.0052,0.0062,0.007
NA_stromal_GranzymeB,0.0,0.0,0.0,0.0,0.0002,0.0014,0.002,0.0036,0.0052,0.0066
NA_stromal_Ki67,0.0,0.0,0.0002,0.0002,0.001,0.001,0.0026,0.0024,0.0032,0.0052
NA_stromal_TIM3,0.0,0.0,0.0002,0.0078,0.0238,0.0354,0.0432,0.0506,0.0594,0.0626
NA_stromal_HLA-DR,0.0,0.0,0.0,0.003,0.0356,0.075,0.0878,0.0974,0.1042,0.1192
